case_id,created_at,employee_id,employee_type,employee_status,location,tenure_months,approval_required,resolution_status,policy_version,category,request_text,hr_reply,actions_taken,documents_requested,final_resolution,days_since_event,qualifying_event,handling_time_minutes
HR-0001,2025-12-14T15:21:34.777Z,EMP-8044,full_time,active,Germany,100,false,resolved,benefits_2026_v2,add_dependent,"Need to add my newborn. It has been a bit over a month, hope this is fine.",Approved your dependent addition despite being slightly past the window.,"checked_employee_status,verified_qualifying_event,checked_event_date,document_verified,updated_benefits,sent_confirmation",birth_certificate,approved,34,birth,20
HR-0002,2025-10-26T00:30:52.319Z,EMP-2551,full_time,inactive,Germany,43,false,resolved,benefits_2026_v2,add_dependent,"Need to add my newborn. It has been a bit over a month, hope this is fine.",Approved your dependent addition despite being slightly past the window.,"checked_employee_status,verified_qualifying_event,checked_event_date,document_verified,updated_benefits,sent_confirmation",birth_certificate,approved,34,birth,17
HR-0003,2025-09-22T22:02:27.777Z,EMP-6601,full_time,active,Singapore,45,false,resolved,benefits_2026_v2,add_dependent,"Need to add my newborn. It has been a bit over a month, hope this is fine.",Approved your dependent addition despite being slightly past the window.,"checked_employee_status,verified_qualifying_event,checked_event_date,document_verified,updated_benefits,sent_confirmation",birth_certificate,approved,37,birth,24
HR-0004,2025-05-01T09:54:16.094Z,EMP-3690,part_time,inactive,Singapore,9,false,resolved,benefits_2026_v2,add_dependent,"Need to add my newborn. It has been a bit over a month, hope this is fine.",Approved your dependent addition despite being slightly past the window.,"checked_employee_status,verified_qualifying_event,checked_event_date,document_verified,updated_benefits,sent_confirmation",birth_certificate,approved,44,birth,25
HR-0005,2025-09-10T11:02:20.810Z,EMP-5060,part_time,on_leave,US,66,false,resolved,benefits_2026_v2,add_dependent,"Need to add my newborn. It has been a bit over a month, hope this is fine.",Approved your dependent addition despite being slightly past the window.,"checked_employee_status,verified_qualifying_event,checked_event_date,document_verified,updated_benefits,sent_confirmation",birth_certificate,approved,34,birth,18
HR-0006,2026-06-05T15:23:00.618Z,EMP-7890,intern,active,Singapore,27,false,escalated,benefits_2026_v2,add_dependent,Adding wife to insurance. We got married last month.,Your request is outside the standard 30-day window. Escalating to benefits ops.,"checked_employee_status,verified_qualifying_event,checked_event_date,enrollment_window_expired,escalated_to_benefits_ops",marriage_certificate,Escalated for exception review,45,marriage,29
HR-0007,2026-06-29T09:06:18.669Z,EMP-8213,part_time,active,UK,97,false,escalated,benefits_2026_v2,add_dependent,Adding wife to insurance. We got married last month.,Your request is outside the standard 30-day window. Escalating to benefits ops.,"checked_employee_status,verified_qualifying_event,checked_event_date,enrollment_window_expired,escalated_to_benefits_ops",marriage_certificate,Escalated for exception review,31,marriage,21
HR-0008,2025-08-10T19:37:48.595Z,EMP-3175,full_time,on_leave,UK,113,false,escalated,benefits_2026_v2,add_dependent,Adding wife to insurance. We got married last month.,Your request is outside the standard 30-day window. Escalating to benefits ops.,"checked_employee_status,verified_qualifying_event,checked_event_date,enrollment_window_expired,escalated_to_benefits_ops",marriage_certificate,Escalated for exception review,40,marriage,24
HR-0009,2025-02-14T13:32:28.176Z,EMP-4663,full_time,inactive,UK,93,false,escalated,benefits_2026_v2,add_dependent,I want to add my husband to the health plan. We married a few months ago.,"Since the marriage was more than 45 days ago, I have escalated this for special review.","checked_employee_status,checked_event_date,enrollment_window_expired,escalated_to_benefits_ops",marriage_certificate,Pending exception approval from Ops,54,marriage,30
HR-0010,2025-01-07T01:33:36.177Z,EMP-5482,intern,active,Germany,50,false,escalated,benefits_2026_v2,add_dependent,I want to add my husband to the health plan. We married a few months ago.,"Since the marriage was more than 45 days ago, I have escalated this for special review.","checked_employee_status,checked_event_date,enrollment_window_expired,escalated_to_benefits_ops",marriage_certificate,Pending exception approval from Ops,62,marriage,24
HR-0011,2026-03-05T22:52:15.393Z,EMP-1756,full_time,inactive,Singapore,8,false,escalated,benefits_2026_v2,add_dependent,I want to add my husband to the health plan. We married a few months ago.,"Since the marriage was more than 45 days ago, I have escalated this for special review.","checked_employee_status,checked_event_date,enrollment_window_expired,escalated_to_benefits_ops",marriage_certificate,Pending exception approval from Ops,90,marriage,29
HR-0012,2025-02-27T03:19:24.475Z,EMP-8504,full_time,active,US,80,false,escalated,benefits_2026_v2,add_dependent,I want to add my husband to the health plan. We married a few months ago.,"Since the marriage was more than 45 days ago, I have escalated this for special review.","checked_employee_status,checked_event_date,enrollment_window_expired,escalated_to_benefits_ops",marriage_certificate,Pending exception approval from Ops,90,marriage,22
HR-0013,2025-09-03T20:58:46.914Z,EMP-3825,full_time,active,UK,10,false,escalated,benefits_2026_v2,add_dependent,I want to add my husband to the health plan. We married a few months ago.,"Since the marriage was more than 45 days ago, I have escalated this for special review.","checked_employee_status,checked_event_date,enrollment_window_expired,escalated_to_benefits_ops",marriage_certificate,Pending exception approval from Ops,69,marriage,27
HR-0014,2026-02-21T19:57:52.426Z,EMP-5069,full_time,inactive,UK,73,false,escalated,benefits_2026_v2,add_dependent,I want to add my husband to the health plan. We married a few months ago.,"Since the marriage was more than 45 days ago, I have escalated this for special review.","checked_employee_status,checked_event_date,enrollment_window_expired,escalated_to_benefits_ops",marriage_certificate,Pending exception approval from Ops,98,marriage,23
HR-0015,2025-06-03T14:51:59.051Z,EMP-6681,full_time,active,US,116,false,escalated,benefits_2026_v2,add_dependent,I want to add my husband to the health plan. We married a few months ago.,"Since the marriage was more than 45 days ago, I have escalated this for special review.","checked_employee_status,checked_event_date,enrollment_window_expired,escalated_to_benefits_ops",marriage_certificate,Pending exception approval from Ops,64,marriage,25
HR-0016,2026-03-26T20:08:27.199Z,EMP-2426,full_time,inactive,India,9,false,rejected,benefits_2026_v2,add_dependent,Adding dependent to my coverage.,You are currently listed as inactive. Your benefits are suspended.,"checked_employee_status,rejected_due_to_status",,Rejected - Employee inactive,9,birth,18
HR-0017,2026-08-22T17:07:42.960Z,EMP-9846,part_time,inactive,Germany,11,false,rejected,benefits_2026_v2,add_dependent,Adding dependent to my coverage.,You are currently listed as inactive. Your benefits are suspended.,"checked_employee_status,rejected_due_to_status",,Rejected - Employee inactive,8,birth,16
HR-0018,2025-12-10T18:10:32.470Z,EMP-3340,part_time,inactive,Singapore,36,false,rejected,benefits_2026_v2,add_dependent,Adding dependent to my coverage.,You are currently listed as inactive. Your benefits are suspended.,"checked_employee_status,rejected_due_to_status",,Rejected - Employee inactive,9,birth,10
HR-0019,2026-08-05T00:00:05.306Z,EMP-3310,contractor,active,Germany,10,false,rejected,benefits_2026_v2,add_dependent,Can I add my kid to my insurance plan?,Contractors are not eligible for company health insurance plans.,"checked_employee_status,rejected_due_to_type",,Rejected - Contractors not eligible,10,birth,7
HR-0020,2026-03-09T22:33:34.305Z,EMP-2273,contractor,inactive,US,45,false,rejected,benefits_2026_v2,add_dependent,Can I add my kid to my insurance plan?,Contractors are not eligible for company health insurance plans.,"checked_employee_status,rejected_due_to_type",,Rejected - Contractors not eligible,10,birth,10
HR-0021,2026-08-01T09:04:22.752Z,EMP-3658,contractor,on_leave,UK,20,false,rejected,benefits_2026_v2,add_dependent,Can I add my kid to my insurance plan?,Contractors are not eligible for company health insurance plans.,"checked_employee_status,rejected_due_to_type",,Rejected - Contractors not eligible,1,birth,9
HR-0022,2025-04-05T10:42:12.266Z,EMP-1584,contractor,on_leave,India,61,false,rejected,benefits_2026_v2,add_dependent,Can I add my kid to my insurance plan?,Contractors are not eligible for company health insurance plans.,"checked_employee_status,rejected_due_to_type",,Rejected - Contractors not eligible,4,birth,6
HR-0023,2025-06-21T23:20:35.980Z,EMP-1122,full_time,active,UK,74,false,pending,benefits_2026_v2,add_dependent,Adding my spouse to my plan.,Please provide your marriage certificate to proceed.,"checked_employee_status,verified_qualifying_event,requested_marriage_certificate",marriage_certificate,Pending document upload,10,marriage,15
HR-0024,2025-01-16T12:15:43.006Z,EMP-5359,full_time,active,Singapore,117,false,pending,benefits_2026_v2,add_dependent,Adding my spouse to my plan.,Please provide your marriage certificate to proceed.,"checked_employee_status,verified_qualifying_event,requested_marriage_certificate",marriage_certificate,Pending document upload,7,marriage,15
HR-0025,2025-11-29T00:02:02.770Z,EMP-1765,intern,active,India,96,false,pending,benefits_2026_v2,add_dependent,Adding my spouse to my plan.,Please provide your marriage certificate to proceed.,"checked_employee_status,verified_qualifying_event,requested_marriage_certificate",marriage_certificate,Pending document upload,13,marriage,15
HR-0026,2026-04-24T16:16:36.424Z,EMP-1707,full_time,active,UK,41,false,pending,benefits_2026_v2,add_dependent,Adding my spouse to my plan.,Please provide your marriage certificate to proceed.,"checked_employee_status,verified_qualifying_event,requested_marriage_certificate",marriage_certificate,Pending document upload,24,marriage,12
HR-0027,2026-08-18T16:54:49.285Z,EMP-8549,full_time,active,Singapore,64,false,pending,benefits_2026_v2,add_dependent,Adding my spouse to my plan.,Please provide your marriage certificate to proceed.,"checked_employee_status,verified_qualifying_event,requested_marriage_certificate",marriage_certificate,Pending document upload,11,marriage,10
HR-0028,2025-06-16T10:07:42.953Z,EMP-9173,full_time,active,Brazil,60,false,escalated,benefits_2026_v2,add_dependent,Need to add spouse for health benefits in Brazil.,We do not currently support benefit modifications for Brazil via this portal.,"checked_location,escalated_to_regional_hr",,Escalated to Brazil HR,15,marriage,21
HR-0029,2025-02-06T07:01:32.780Z,EMP-4791,full_time,active,Brazil,95,false,escalated,benefits_2026_v2,add_dependent,Need to add spouse for health benefits in Brazil.,We do not currently support benefit modifications for Brazil via this portal.,"checked_location,escalated_to_regional_hr",,Escalated to Brazil HR,13,marriage,18
HR-0030,2026-08-30T19:07:31.622Z,EMP-9673,part_time,active,Germany,13,false,rejected,benefits_2026_v2,add_dependent,adding my son,All looks good. I have approved the request.,"checked_employee_status,document_verified,approved",birth_certificate,approved,11,birth,19
HR-0031,2025-12-26T20:25:48.072Z,EMP-3095,full_time,active,US,85,false,resolved,benefits_2026_v2,add_dependent,"Adopted a child, would like to add them to medical plan.",Your dependent has been added to your benefits plan successfully.,"checked_employee_status,verified_qualifying_event,checked_event_date,requested_marriage_certificate,document_verified,updated_benefits,sent_confirmation",adoption_papers,Dependent added,27,birth,19
HR-0032,2026-07-13T10:56:46.740Z,EMP-1896,full_time,active,US,14,false,resolved,benefits_2026_v2,add_dependent,"Adopted a child, would like to add them to medical plan.",Your dependent has been added to your benefits plan successfully.,"checked_employee_status,verified_qualifying_event,checked_event_date,requested_marriage_certificate,document_verified,updated_benefits,sent_confirmation",adoption_papers,Dependent added,14,adoption,13
HR-0033,2026-07-12T00:46:54.498Z,EMP-7324,full_time,active,India,82,false,resolved,benefits_2026_v2,add_dependent,"Adopted a child, would like to add them to medical plan.",Your dependent has been added to your benefits plan successfully.,"checked_employee_status,verified_qualifying_event,checked_event_date,requested_marriage_certificate,document_verified,updated_benefits,sent_confirmation",birth_certificate,Dependent added,28,birth,20
HR-0034,2026-02-10T19:42:57.205Z,EMP-3153,full_time,active,UK,118,false,resolved,benefits_2026_v2,add_dependent,"Adopted a child, would like to add them to medical plan.",Your dependent has been added to your benefits plan successfully.,"checked_employee_status,verified_qualifying_event,checked_event_date,requested_marriage_certificate,document_verified,updated_benefits,sent_confirmation",adoption_papers,Dependent added,10,marriage,11
HR-0035,2025-07-16T11:14:08.778Z,EMP-2533,full_time,active,Germany,61,false,resolved,benefits_2026_v2,add_dependent,I just had a baby and need to add them to my insurance. Please advise.,Your dependent has been added to your benefits plan successfully.,"checked_employee_status,verified_qualifying_event,checked_event_date,requested_marriage_certificate,document_verified,updated_benefits,sent_confirmation",birth_certificate,Dependent added,2,adoption,16
HR-0036,2026-06-16T20:39:26.635Z,EMP-1365,full_time,active,Singapore,91,false,resolved,benefits_2026_v2,add_dependent,"Hi, I recently got married and need to add my wife to my health plan. What do I need to do?",Your dependent has been added to your benefits plan successfully.,"checked_employee_status,verified_qualifying_event,checked_event_date,requested_marriage_certificate,document_verified,updated_benefits,sent_confirmation",birth_certificate,Dependent added,9,adoption,10
HR-0037,2026-01-23T06:10:08.502Z,EMP-1717,full_time,active,US,35,false,resolved,benefits_2026_v2,add_dependent,"Hi, I recently got married and need to add my wife to my health plan. What do I need to do?",Your dependent has been added to your benefits plan successfully.,"checked_employee_status,verified_qualifying_event,checked_event_date,requested_marriage_certificate,document_verified,updated_benefits,sent_confirmation",marriage_certificate,Dependent added,10,marriage,17
HR-0038,2025-10-08T02:19:16.778Z,EMP-7917,full_time,active,UK,93,false,resolved,benefits_2026_v2,add_dependent,Need to add my husband to my benefits. Got married last weekend.,Your dependent has been added to your benefits plan successfully.,"checked_employee_status,verified_qualifying_event,checked_event_date,requested_marriage_certificate,document_verified,updated_benefits,sent_confirmation",birth_certificate,Dependent added,5,birth,12
HR-0039,2026-04-24T15:17:21.891Z,EMP-1383,full_time,active,Germany,104,false,resolved,benefits_2026_v2,add_dependent,"Hi, I recently got married and need to add my wife to my health plan. What do I need to do?",Your dependent has been added to your benefits plan successfully.,"checked_employee_status,verified_qualifying_event,checked_event_date,requested_marriage_certificate,document_verified,updated_benefits,sent_confirmation",birth_certificate,Dependent added,19,marriage,16
HR-0040,2025-11-29T09:07:55.172Z,EMP-5082,full_time,active,India,17,false,resolved,benefits_2026_v2,add_dependent,"Hi, I recently got married and need to add my wife to my health plan. What do I need to do?",Your dependent has been added to your benefits plan successfully.,"checked_employee_status,verified_qualifying_event,checked_event_date,requested_marriage_certificate,document_verified,updated_benefits,sent_confirmation",marriage_certificate,Dependent added,22,adoption,16
HR-0041,2025-03-27T02:43:13.807Z,EMP-6350,full_time,active,Singapore,41,false,resolved,benefits_2026_v2,add_dependent,I just had a baby and need to add them to my insurance. Please advise.,Your dependent has been added to your benefits plan successfully.,"checked_employee_status,verified_qualifying_event,checked_event_date,requested_marriage_certificate,document_verified,updated_benefits,sent_confirmation",marriage_certificate,Dependent added,22,adoption,18
HR-0042,2025-06-09T08:39:09.455Z,EMP-2878,full_time,active,US,27,false,resolved,benefits_2026_v2,add_dependent,I just had a baby and need to add them to my insurance. Please advise.,Your dependent has been added to your benefits plan successfully.,"checked_employee_status,verified_qualifying_event,checked_event_date,requested_marriage_certificate,document_verified,updated_benefits,sent_confirmation",marriage_certificate,Dependent added,29,adoption,11
HR-0043,2025-12-15T14:47:04.664Z,EMP-6130,full_time,active,India,43,false,resolved,benefits_2026_v2,add_dependent,"Hi, I recently got married and need to add my wife to my health plan. What do I need to do?",Your dependent has been added to your benefits plan successfully.,"checked_employee_status,verified_qualifying_event,checked_event_date,requested_marriage_certificate,document_verified,updated_benefits,sent_confirmation",marriage_certificate,Dependent added,30,marriage,11
HR-0044,2025-04-26T22:29:10.349Z,EMP-6140,full_time,active,UK,17,false,resolved,benefits_2026_v2,add_dependent,Need to add my husband to my benefits. Got married last weekend.,Your dependent has been added to your benefits plan successfully.,"checked_employee_status,verified_qualifying_event,checked_event_date,requested_marriage_certificate,document_verified,updated_benefits,sent_confirmation",birth_certificate,Dependent added,13,adoption,13
HR-0045,2025-03-05T10:49:05.444Z,EMP-1646,full_time,active,UK,103,false,resolved,benefits_2026_v2,add_dependent,Need to add my husband to my benefits. Got married last weekend.,Your dependent has been added to your benefits plan successfully.,"checked_employee_status,verified_qualifying_event,checked_event_date,requested_marriage_certificate,document_verified,updated_benefits,sent_confirmation",marriage_certificate,Dependent added,22,birth,25
HR-0046,2026-02-21T20:41:01.762Z,EMP-6858,full_time,active,Singapore,62,false,resolved,benefits_2026_v2,add_dependent,I just had a baby and need to add them to my insurance. Please advise.,Your dependent has been added to your benefits plan successfully.,"checked_employee_status,verified_qualifying_event,checked_event_date,requested_marriage_certificate,document_verified,updated_benefits,sent_confirmation",marriage_certificate,Dependent added,3,birth,14
HR-0047,2025-11-22T07:25:27.798Z,EMP-7311,full_time,active,Singapore,6,false,resolved,benefits_2026_v2,add_dependent,Need to add my husband to my benefits. Got married last weekend.,Your dependent has been added to your benefits plan successfully.,"checked_employee_status,verified_qualifying_event,checked_event_date,requested_marriage_certificate,document_verified,updated_benefits,sent_confirmation",adoption_papers,Dependent added,20,birth,13
HR-0048,2025-05-26T17:48:04.846Z,EMP-8860,full_time,active,India,97,false,resolved,benefits_2026_v2,add_dependent,Need to add my husband to my benefits. Got married last weekend.,Your dependent has been added to your benefits plan successfully.,"checked_employee_status,verified_qualifying_event,checked_event_date,requested_marriage_certificate,document_verified,updated_benefits,sent_confirmation",adoption_papers,Dependent added,6,birth,18
HR-0049,2026-07-08T18:50:29.196Z,EMP-4729,full_time,active,Singapore,55,false,resolved,benefits_2026_v2,add_dependent,"Adopted a child, would like to add them to medical plan.",Your dependent has been added to your benefits plan successfully.,"checked_employee_status,verified_qualifying_event,checked_event_date,requested_marriage_certificate,document_verified,updated_benefits,sent_confirmation",birth_certificate,Dependent added,4,marriage,12
HR-0050,2025-10-15T09:13:52.917Z,EMP-5284,full_time,active,US,70,false,resolved,benefits_2026_v2,add_dependent,"Adopted a child, would like to add them to medical plan.",Your dependent has been added to your benefits plan successfully.,"checked_employee_status,verified_qualifying_event,checked_event_date,requested_marriage_certificate,document_verified,updated_benefits,sent_confirmation",birth_certificate,Dependent added,4,adoption,21
HR-0051,2026-02-14T13:43:13.192Z,EMP-5009,full_time,active,US,99,false,resolved,benefits_2026_v2,add_dependent,I just had a baby and need to add them to my insurance. Please advise.,Your dependent has been added to your benefits plan successfully.,"checked_employee_status,verified_qualifying_event,checked_event_date,requested_marriage_certificate,document_verified,updated_benefits,sent_confirmation",birth_certificate,Dependent added,13,marriage,18
HR-0052,2025-12-28T21:23:12.666Z,EMP-7546,full_time,active,Germany,28,false,resolved,benefits_2026_v2,add_dependent,I just had a baby and need to add them to my insurance. Please advise.,Your dependent has been added to your benefits plan successfully.,"checked_employee_status,verified_qualifying_event,checked_event_date,requested_marriage_certificate,document_verified,updated_benefits,sent_confirmation",marriage_certificate,Dependent added,27,marriage,10
HR-0053,2025-03-21T12:50:25.689Z,EMP-8042,full_time,active,US,52,false,resolved,benefits_2026_v2,add_dependent,"Adopted a child, would like to add them to medical plan.",Your dependent has been added to your benefits plan successfully.,"checked_employee_status,verified_qualifying_event,checked_event_date,requested_marriage_certificate,document_verified,updated_benefits,sent_confirmation",adoption_papers,Dependent added,20,birth,15
HR-0054,2025-10-13T13:23:48.645Z,EMP-9259,full_time,active,India,83,false,resolved,benefits_2026_v2,add_dependent,I just had a baby and need to add them to my insurance. Please advise.,Your dependent has been added to your benefits plan successfully.,"checked_employee_status,verified_qualifying_event,checked_event_date,requested_marriage_certificate,document_verified,updated_benefits,sent_confirmation",marriage_certificate,Dependent added,27,birth,16
HR-0055,2026-02-10T20:18:13.698Z,EMP-5420,full_time,active,UK,110,false,resolved,benefits_2026_v2,add_dependent,"Adopted a child, would like to add them to medical plan.",Your dependent has been added to your benefits plan successfully.,"checked_employee_status,verified_qualifying_event,checked_event_date,requested_marriage_certificate,document_verified,updated_benefits,sent_confirmation",marriage_certificate,Dependent added,16,birth,14
HR-0056,2025-06-21T09:16:35.818Z,EMP-2115,full_time,active,Germany,119,false,resolved,benefits_2026_v2,add_dependent,I just had a baby and need to add them to my insurance. Please advise.,Your dependent has been added to your benefits plan successfully.,"checked_employee_status,verified_qualifying_event,checked_event_date,requested_marriage_certificate,document_verified,updated_benefits,sent_confirmation",marriage_certificate,Dependent added,20,adoption,11
HR-0057,2026-07-27T13:38:54.291Z,EMP-6433,full_time,active,Germany,49,false,resolved,benefits_2026_v2,add_dependent,I just had a baby and need to add them to my insurance. Please advise.,Your dependent has been added to your benefits plan successfully.,"checked_employee_status,verified_qualifying_event,checked_event_date,requested_marriage_certificate,document_verified,updated_benefits,sent_confirmation",birth_certificate,Dependent added,27,adoption,10
HR-0058,2025-01-27T15:18:20.303Z,EMP-5282,full_time,active,UK,111,false,resolved,benefits_2026_v2,add_dependent,"Adopted a child, would like to add them to medical plan.",Your dependent has been added to your benefits plan successfully.,"checked_employee_status,verified_qualifying_event,checked_event_date,requested_marriage_certificate,document_verified,updated_benefits,sent_confirmation",adoption_papers,Dependent added,30,adoption,19
HR-0059,2025-08-19T16:17:07.876Z,EMP-6375,full_time,active,Germany,28,false,resolved,benefits_2026_v2,add_dependent,Need to add my husband to my benefits. Got married last weekend.,Your dependent has been added to your benefits plan successfully.,"checked_employee_status,verified_qualifying_event,checked_event_date,requested_marriage_certificate,document_verified,updated_benefits,sent_confirmation",marriage_certificate,Dependent added,15,adoption,24
HR-0060,2026-07-28T13:20:40.769Z,EMP-8594,full_time,active,India,41,false,resolved,benefits_2026_v2,add_dependent,Need to add my husband to my benefits. Got married last weekend.,Your dependent has been added to your benefits plan successfully.,"checked_employee_status,verified_qualifying_event,checked_event_date,requested_marriage_certificate,document_verified,updated_benefits,sent_confirmation",adoption_papers,Dependent added,25,birth,13
HR-0061,2025-11-16T23:42:53.709Z,EMP-9471,full_time,active,Singapore,101,false,resolved,benefits_2026_v2,add_dependent,"Adopted a child, would like to add them to medical plan.",Your dependent has been added to your benefits plan successfully.,"checked_employee_status,verified_qualifying_event,checked_event_date,requested_marriage_certificate,document_verified,updated_benefits,sent_confirmation",adoption_papers,Dependent added,28,adoption,18
HR-0062,2025-04-30T00:43:49.329Z,EMP-2768,full_time,active,Germany,112,false,resolved,benefits_2026_v2,add_dependent,"Adopted a child, would like to add them to medical plan.",Your dependent has been added to your benefits plan successfully.,"checked_employee_status,verified_qualifying_event,checked_event_date,requested_marriage_certificate,document_verified,updated_benefits,sent_confirmation",adoption_papers,Dependent added,20,adoption,24
HR-0063,2026-04-04T11:30:32.757Z,EMP-8672,full_time,active,UK,80,false,resolved,benefits_2026_v2,add_dependent,I just had a baby and need to add them to my insurance. Please advise.,Your dependent has been added to your benefits plan successfully.,"checked_employee_status,verified_qualifying_event,checked_event_date,requested_marriage_certificate,document_verified,updated_benefits,sent_confirmation",marriage_certificate,Dependent added,29,marriage,24
HR-0064,2025-11-21T02:27:22.736Z,EMP-4934,full_time,active,Singapore,1,false,resolved,benefits_2026_v2,add_dependent,Need to add my husband to my benefits. Got married last weekend.,Your dependent has been added to your benefits plan successfully.,"checked_employee_status,verified_qualifying_event,checked_event_date,requested_marriage_certificate,document_verified,updated_benefits,sent_confirmation",marriage_certificate,Dependent added,8,adoption,17
HR-0065,2025-08-17T04:20:42.258Z,EMP-5922,full_time,active,Germany,79,false,resolved,benefits_2026_v2,add_dependent,"Hi, I recently got married and need to add my wife to my health plan. What do I need to do?",Your dependent has been added to your benefits plan successfully.,"checked_employee_status,verified_qualifying_event,checked_event_date,requested_marriage_certificate,document_verified,updated_benefits,sent_confirmation",marriage_certificate,Dependent added,25,marriage,22
HR-0066,2025-10-03T19:47:51.641Z,EMP-3735,full_time,active,Germany,73,false,resolved,benefits_2026_v2,add_dependent,Need to add my husband to my benefits. Got married last weekend.,Your dependent has been added to your benefits plan successfully.,"checked_employee_status,verified_qualifying_event,checked_event_date,requested_marriage_certificate,document_verified,updated_benefits,sent_confirmation",birth_certificate,Dependent added,3,birth,21
HR-0067,2026-06-19T10:24:20.633Z,EMP-5007,full_time,active,India,44,false,resolved,benefits_2026_v2,add_dependent,"Adopted a child, would like to add them to medical plan.",Your dependent has been added to your benefits plan successfully.,"checked_employee_status,verified_qualifying_event,checked_event_date,requested_marriage_certificate,document_verified,updated_benefits,sent_confirmation",adoption_papers,Dependent added,26,adoption,20
HR-0068,2025-11-17T09:04:43.022Z,EMP-8741,full_time,active,US,65,false,resolved,benefits_2026_v2,add_dependent,"Adopted a child, would like to add them to medical plan.",Your dependent has been added to your benefits plan successfully.,"checked_employee_status,verified_qualifying_event,checked_event_date,requested_marriage_certificate,document_verified,updated_benefits,sent_confirmation",adoption_papers,Dependent added,26,adoption,22
HR-0069,2025-12-08T13:34:16.351Z,EMP-5978,full_time,active,Germany,110,false,resolved,benefits_2026_v2,add_dependent,I just had a baby and need to add them to my insurance. Please advise.,Your dependent has been added to your benefits plan successfully.,"checked_employee_status,verified_qualifying_event,checked_event_date,requested_marriage_certificate,document_verified,updated_benefits,sent_confirmation",marriage_certificate,Dependent added,18,marriage,13
HR-0070,2025-06-04T01:17:48.530Z,EMP-6075,full_time,active,UK,89,false,resolved,benefits_2026_v2,add_dependent,I just had a baby and need to add them to my insurance. Please advise.,Your dependent has been added to your benefits plan successfully.,"checked_employee_status,verified_qualifying_event,checked_event_date,requested_marriage_certificate,document_verified,updated_benefits,sent_confirmation",birth_certificate,Dependent added,24,adoption,16
HR-0071,2025-07-18T10:16:05.850Z,EMP-9491,full_time,active,UK,34,false,resolved,benefits_2026_v2,add_dependent,"Hi, I recently got married and need to add my wife to my health plan. What do I need to do?",Your dependent has been added to your benefits plan successfully.,"checked_employee_status,verified_qualifying_event,checked_event_date,requested_marriage_certificate,document_verified,updated_benefits,sent_confirmation",adoption_papers,Dependent added,8,marriage,12
HR-0072,2025-03-21T09:12:28.896Z,EMP-9131,full_time,active,UK,103,false,resolved,benefits_2026_v2,add_dependent,I just had a baby and need to add them to my insurance. Please advise.,Your dependent has been added to your benefits plan successfully.,"checked_employee_status,verified_qualifying_event,checked_event_date,requested_marriage_certificate,document_verified,updated_benefits,sent_confirmation",marriage_certificate,Dependent added,1,marriage,20
HR-0073,2026-07-13T17:40:54.696Z,EMP-1601,full_time,active,Singapore,32,false,resolved,benefits_2026_v2,add_dependent,"Adopted a child, would like to add them to medical plan.",Your dependent has been added to your benefits plan successfully.,"checked_employee_status,verified_qualifying_event,checked_event_date,requested_marriage_certificate,document_verified,updated_benefits,sent_confirmation",birth_certificate,Dependent added,24,birth,13
HR-0074,2026-08-10T23:25:19.277Z,EMP-1655,full_time,inactive,US,62,false,resolved,hr_policy_2026_v1,employment_letter,need employment verification letter for apartment lease ASAP,Your verification letter has been generated.,"verified_employee,generated_letter,sent_to_employee",,Resolved,,,12
HR-0075,2025-10-10T11:04:13.572Z,EMP-9606,full_time,active,US,81,false,resolved,hr_policy_2026_v1,employment_letter,need employment verification letter for apartment lease ASAP,Attached is your employment letter.,"verified_employee,generated_letter,sent_to_employee",,Resolved,,,12
HR-0076,2026-02-01T06:41:11.317Z,EMP-1970,intern,on_leave,Singapore,79,false,resolved,hr_policy_2026_v1,employment_letter,Proof of employment needed for bank loan.,Attached is your employment letter.,"verified_employee,generated_letter,sent_to_employee",,Resolved,,,11
HR-0077,2025-02-20T09:10:22.014Z,EMP-4485,part_time,active,Singapore,85,false,resolved,hr_policy_2026_v1,employment_letter,Proof of employment needed for bank loan.,Attached is your employment letter.,"verified_employee,generated_letter,sent_to_employee",,Resolved,,,6
HR-0078,2025-08-08T11:15:46.315Z,EMP-2678,full_time,on_leave,Singapore,29,false,pending,hr_policy_2026_v1,employment_letter,need employment verification letter for apartment lease ASAP,We are reviewing your request.,"verified_employee,generated_letter,sent_to_employee",,Pending review,,,10
HR-0079,2026-03-15T15:29:10.654Z,EMP-7790,full_time,active,India,114,false,resolved,hr_policy_2026_v1,employment_letter,Can I get a letter of employment?,Attached is your employment letter.,"verified_employee,generated_letter,sent_to_employee",,Resolved,,,11
HR-0080,2025-10-31T23:48:37.757Z,EMP-2654,part_time,on_leave,Singapore,4,false,resolved,hr_policy_2026_v1,employment_letter,Proof of employment needed for bank loan.,Attached is your employment letter.,"verified_employee,generated_letter,sent_to_employee",,Resolved,,,8
HR-0081,2025-06-03T15:19:37.747Z,EMP-6261,full_time,on_leave,India,99,false,escalated,hr_policy_2026_v1,employment_letter,Can I get a letter of employment?,We are reviewing your request.,"verified_employee,generated_letter,sent_to_employee",,Pending review,,,10
HR-0082,2025-09-05T01:23:53.919Z,EMP-3813,full_time,active,Germany,57,false,resolved,hr_policy_2026_v1,employment_letter,Proof of employment needed for bank loan.,Your verification letter has been generated.,"verified_employee,generated_letter,sent_to_employee",,Resolved,,,7
HR-0083,2025-10-14T12:47:44.951Z,EMP-9701,full_time,active,India,1,false,resolved,hr_policy_2026_v1,employment_letter,Proof of employment needed for bank loan.,Attached is your employment letter.,"verified_employee,generated_letter,sent_to_employee",,Resolved,,,7
HR-0084,2025-07-17T12:19:52.015Z,EMP-9519,intern,active,US,35,false,resolved,hr_policy_2026_v1,employment_letter,need employment verification letter for apartment lease ASAP,Your verification letter has been generated.,"verified_employee,generated_letter,sent_to_employee",,Resolved,,,11
HR-0085,2025-12-17T10:11:27.145Z,EMP-5413,full_time,active,India,101,false,resolved,hr_policy_2026_v1,employment_letter,Proof of employment needed for bank loan.,Attached is your employment letter.,"verified_employee,generated_letter,sent_to_employee",,Resolved,,,8
HR-0086,2025-06-04T07:00:44.146Z,EMP-5998,part_time,inactive,India,37,false,resolved,hr_policy_2026_v1,employment_letter,Can I get a letter of employment?,Your verification letter has been generated.,"verified_employee,generated_letter,sent_to_employee",,Resolved,,,7
HR-0087,2026-06-29T04:53:36.413Z,EMP-2588,part_time,active,Singapore,97,false,resolved,hr_policy_2026_v1,employment_letter,Can I get a letter of employment?,Your verification letter has been generated.,"verified_employee,generated_letter,sent_to_employee",,Resolved,,,7
HR-0088,2025-08-03T14:10:11.949Z,EMP-1049,full_time,inactive,India,18,false,resolved,hr_policy_2026_v1,employment_letter,Proof of employment needed for bank loan.,Your verification letter has been generated.,"verified_employee,generated_letter,sent_to_employee",,Resolved,,,9
HR-0089,2025-11-05T19:59:12.378Z,EMP-7659,intern,on_leave,Germany,57,false,resolved,hr_policy_2026_v1,employment_letter,need employment verification letter for apartment lease ASAP,Attached is your employment letter.,"verified_employee,generated_letter,sent_to_employee",,Resolved,,,10
HR-0090,2025-12-08T22:17:42.351Z,EMP-2337,full_time,active,UK,16,false,resolved,hr_policy_2026_v1,employment_letter,Can I get a letter of employment?,Attached is your employment letter.,"verified_employee,generated_letter,sent_to_employee",,Resolved,,,11
HR-0091,2025-10-20T10:35:59.949Z,EMP-1275,full_time,inactive,UK,50,false,resolved,hr_policy_2026_v1,employment_letter,Proof of employment needed for bank loan.,Your verification letter has been generated.,"verified_employee,generated_letter,sent_to_employee",,Resolved,,,6
HR-0092,2025-08-21T23:38:21.009Z,EMP-2717,part_time,active,India,14,false,pending,hr_policy_2026_v1,employment_letter,Can I get a letter of employment?,We are reviewing your request.,"verified_employee,generated_letter,sent_to_employee",,Pending review,,,9
HR-0093,2025-09-22T08:08:44.179Z,EMP-1904,full_time,on_leave,Singapore,45,false,resolved,hr_policy_2026_v1,employment_letter,need employment verification letter for apartment lease ASAP,Your verification letter has been generated.,"verified_employee,generated_letter,sent_to_employee",,Resolved,,,8
HR-0094,2026-02-18T21:07:23.328Z,EMP-9735,full_time,active,Singapore,24,false,resolved,hr_policy_2026_v1,employment_letter,Proof of employment needed for bank loan.,Your verification letter has been generated.,"verified_employee,generated_letter,sent_to_employee",,Resolved,,,12
HR-0095,2025-02-01T11:09:32.274Z,EMP-4557,full_time,active,India,8,false,resolved,hr_policy_2026_v1,employment_letter,Proof of employment needed for bank loan.,Attached is your employment letter.,"verified_employee,generated_letter,sent_to_employee",,Resolved,,,12
HR-0096,2025-03-06T16:31:03.329Z,EMP-6250,full_time,active,Singapore,117,false,resolved,hr_policy_2026_v1,employment_letter,need employment verification letter for apartment lease ASAP,Attached is your employment letter.,"verified_employee,generated_letter,sent_to_employee",,Resolved,,,8
HR-0097,2025-06-01T04:09:09.119Z,EMP-1630,full_time,inactive,India,79,false,resolved,hr_policy_2026_v1,employment_letter,need employment verification letter for apartment lease ASAP,Your verification letter has been generated.,"verified_employee,generated_letter,sent_to_employee",,Resolved,,,11
HR-0098,2026-05-09T05:05:18.023Z,EMP-2652,full_time,inactive,UK,100,false,resolved,hr_policy_2026_v1,employment_letter,need employment verification letter for apartment lease ASAP,Attached is your employment letter.,"verified_employee,generated_letter,sent_to_employee",,Resolved,,,12
HR-0099,2025-09-11T04:48:07.817Z,EMP-3642,part_time,inactive,Singapore,76,false,resolved,hr_policy_2026_v1,employment_letter,Can I get a letter of employment?,Attached is your employment letter.,"verified_employee,generated_letter,sent_to_employee",,Resolved,,,5
HR-0100,2025-06-06T23:00:58.722Z,EMP-8082,full_time,inactive,UK,98,false,resolved,hr_policy_2026_v1,employment_letter,Can I get a letter of employment?,Attached is your employment letter.,"verified_employee,generated_letter,sent_to_employee",,Resolved,,,12
HR-0101,2025-11-15T06:59:27.375Z,EMP-2928,full_time,active,US,93,false,resolved,hr_policy_2026_v1,employment_letter,Proof of employment needed for bank loan.,Attached is your employment letter.,"verified_employee,generated_letter,sent_to_employee",,Resolved,,,10
HR-0102,2025-02-25T04:16:35.361Z,EMP-8019,full_time,active,Germany,5,false,resolved,hr_policy_2026_v1,employment_letter,Can I get a letter of employment?,Attached is your employment letter.,"verified_employee,generated_letter,sent_to_employee",,Resolved,,,9
HR-0103,2025-02-05T20:28:18.977Z,EMP-7800,part_time,on_leave,Germany,62,false,resolved,hr_policy_2026_v1,employment_letter,Can I get a letter of employment?,Attached is your employment letter.,"verified_employee,generated_letter,sent_to_employee",,Resolved,,,11
HR-0104,2026-07-25T17:52:27.059Z,EMP-2305,part_time,inactive,US,3,false,resolved,hr_policy_2026_v1,employment_letter,need employment verification letter for apartment lease ASAP,Attached is your employment letter.,"verified_employee,generated_letter,sent_to_employee",,Resolved,,,6
HR-0105,2025-04-11T10:50:10.331Z,EMP-8292,full_time,on_leave,US,51,false,resolved,hr_policy_2026_v1,employment_letter,Proof of employment needed for bank loan.,Attached is your employment letter.,"verified_employee,generated_letter,sent_to_employee",,Resolved,,,7
HR-0106,2025-06-04T06:22:40.453Z,EMP-5507,full_time,inactive,US,81,false,resolved,hr_policy_2026_v1,employment_letter,Proof of employment needed for bank loan.,Your verification letter has been generated.,"verified_employee,generated_letter,sent_to_employee",,Resolved,,,11
HR-0107,2026-01-28T03:50:42.889Z,EMP-1817,intern,active,UK,97,false,resolved,hr_policy_2026_v1,employment_letter,Proof of employment needed for bank loan.,Your verification letter has been generated.,"verified_employee,generated_letter,sent_to_employee",,Resolved,,,10
HR-0108,2025-03-15T02:05:57.737Z,EMP-8065,full_time,inactive,UK,6,false,resolved,hr_policy_2026_v1,employment_letter,Can I get a letter of employment?,Your verification letter has been generated.,"verified_employee,generated_letter,sent_to_employee",,Resolved,,,8
HR-0109,2025-07-12T10:18:38.877Z,EMP-4975,part_time,inactive,Singapore,9,false,resolved,hr_policy_2026_v1,employment_letter,Proof of employment needed for bank loan.,Your verification letter has been generated.,"verified_employee,generated_letter,sent_to_employee",,Resolved,,,9
HR-0110,2026-01-27T17:35:06.067Z,EMP-5798,part_time,active,India,93,false,resolved,hr_policy_2026_v1,employment_letter,Proof of employment needed for bank loan.,Attached is your employment letter.,"verified_employee,generated_letter,sent_to_employee",,Resolved,,,6
HR-0111,2026-02-17T17:32:15.812Z,EMP-7721,intern,inactive,India,56,false,resolved,hr_policy_2026_v1,employment_letter,Can I get a letter of employment?,Your verification letter has been generated.,"verified_employee,generated_letter,sent_to_employee",,Resolved,,,8
HR-0112,2026-01-03T18:18:58.307Z,EMP-4721,full_time,active,Germany,79,false,resolved,hr_policy_2026_v1,employment_letter,Can I get a letter of employment?,Your verification letter has been generated.,"verified_employee,generated_letter,sent_to_employee",,Resolved,,,5
HR-0113,2026-02-23T03:27:55.585Z,EMP-3123,full_time,inactive,US,100,false,resolved,hr_policy_2026_v1,employment_letter,need employment verification letter for apartment lease ASAP,Attached is your employment letter.,"verified_employee,generated_letter,sent_to_employee",,Resolved,,,5
HR-0114,2026-06-05T15:01:44.821Z,EMP-4738,part_time,on_leave,US,42,false,resolved,hr_policy_2026_v1,employment_letter,Can I get a letter of employment?,Attached is your employment letter.,"verified_employee,generated_letter,sent_to_employee",,Resolved,,,11
HR-0115,2026-08-31T20:32:10.943Z,EMP-1904,part_time,on_leave,US,7,false,resolved,hr_policy_2026_v1,employment_letter,Can I get a letter of employment?,Your verification letter has been generated.,"verified_employee,generated_letter,sent_to_employee",,Resolved,,,6
HR-0116,2025-03-25T12:06:59.302Z,EMP-7531,full_time,active,Germany,5,false,resolved,hr_policy_2026_v1,employment_letter,need employment verification letter for apartment lease ASAP,Attached is your employment letter.,"verified_employee,generated_letter,sent_to_employee",,Resolved,,,9
HR-0117,2026-07-27T15:05:59.266Z,EMP-6245,intern,on_leave,Singapore,119,false,escalated,hr_policy_2026_v1,employment_letter,need employment verification letter for apartment lease ASAP,We are reviewing your request.,"verified_employee,generated_letter,sent_to_employee",,Pending review,,,7
HR-0118,2026-02-01T21:00:01.689Z,EMP-3153,full_time,inactive,Germany,28,false,resolved,hr_policy_2026_v1,employment_letter,Proof of employment needed for bank loan.,Your verification letter has been generated.,"verified_employee,generated_letter,sent_to_employee",,Resolved,,,10
HR-0119,2025-04-23T05:05:33.066Z,EMP-7710,full_time,active,India,91,false,pending,hr_policy_2026_v1,employment_letter,Can I get a letter of employment?,We are reviewing your request.,"verified_employee,generated_letter,sent_to_employee",,Pending review,,,8
HR-0120,2025-11-16T03:02:34.213Z,EMP-7019,full_time,on_leave,Singapore,46,false,escalated,hr_policy_2026_v1,employment_letter,need employment verification letter for apartment lease ASAP,We are reviewing your request.,"verified_employee,generated_letter,sent_to_employee",,Pending review,,,9
HR-0121,2025-04-23T13:46:50.684Z,EMP-1543,full_time,inactive,UK,88,false,resolved,hr_policy_2026_v1,employment_letter,Proof of employment needed for bank loan.,Your verification letter has been generated.,"verified_employee,generated_letter,sent_to_employee",,Resolved,,,5
HR-0122,2025-08-03T04:11:57.667Z,EMP-9364,intern,active,US,31,false,resolved,hr_policy_2026_v1,employment_letter,Proof of employment needed for bank loan.,Your verification letter has been generated.,"verified_employee,generated_letter,sent_to_employee",,Resolved,,,9
HR-0123,2026-02-18T06:03:17.043Z,EMP-5205,part_time,active,US,34,false,resolved,hr_policy_2026_v1,employment_letter,Can I get a letter of employment?,Attached is your employment letter.,"verified_employee,generated_letter,sent_to_employee",,Resolved,,,11
HR-0124,2025-10-04T04:01:50.005Z,EMP-7643,full_time,active,US,85,false,resolved,hr_policy_2026_v1,employment_letter,need employment verification letter for apartment lease ASAP,Attached is your employment letter.,"verified_employee,generated_letter,sent_to_employee",,Resolved,,,6
HR-0125,2025-09-30T08:35:33.859Z,EMP-6087,full_time,inactive,UK,75,false,resolved,hr_policy_2026_v1,employment_letter,Can I get a letter of employment?,Your verification letter has been generated.,"verified_employee,generated_letter,sent_to_employee",,Resolved,,,7
HR-0126,2026-03-13T17:02:55.429Z,EMP-5234,full_time,active,Germany,5,false,resolved,hr_policy_2026_v1,employment_letter,Proof of employment needed for bank loan.,Your verification letter has been generated.,"verified_employee,generated_letter,sent_to_employee",,Resolved,,,7
HR-0127,2025-08-22T09:04:33.470Z,EMP-9420,full_time,active,Singapore,117,false,resolved,hr_policy_2026_v1,employment_letter,need employment verification letter for apartment lease ASAP,Your verification letter has been generated.,"verified_employee,generated_letter,sent_to_employee",,Resolved,,,6
HR-0128,2026-03-29T17:05:24.617Z,EMP-6913,full_time,inactive,Singapore,103,false,resolved,hr_policy_2026_v1,employment_letter,Can I get a letter of employment?,Your verification letter has been generated.,"verified_employee,generated_letter,sent_to_employee",,Resolved,,,12
HR-0129,2026-01-06T10:06:03.159Z,EMP-5214,intern,on_leave,US,66,false,resolved,hr_policy_2026_v1,employment_letter,need employment verification letter for apartment lease ASAP,Attached is your employment letter.,"verified_employee,generated_letter,sent_to_employee",,Resolved,,,9
HR-0130,2025-04-03T20:47:47.598Z,EMP-1334,intern,on_leave,India,110,false,resolved,hr_policy_2026_v1,employment_letter,Can I get a letter of employment?,Attached is your employment letter.,"verified_employee,generated_letter,sent_to_employee",,Resolved,,,6
HR-0131,2025-03-09T18:33:15.891Z,EMP-8536,part_time,active,Germany,57,false,resolved,hr_policy_2026_v1,employment_letter,Proof of employment needed for bank loan.,Attached is your employment letter.,"verified_employee,generated_letter,sent_to_employee",,Resolved,,,11
HR-0132,2025-05-21T06:33:08.232Z,EMP-7214,part_time,inactive,US,4,false,resolved,hr_policy_2026_v1,employment_letter,need employment verification letter for apartment lease ASAP,Attached is your employment letter.,"verified_employee,generated_letter,sent_to_employee",,Resolved,,,9
HR-0133,2025-11-07T21:23:36.083Z,EMP-2727,full_time,active,India,102,false,resolved,hr_policy_2026_v1,employment_letter,need employment verification letter for apartment lease ASAP,Attached is your employment letter.,"verified_employee,generated_letter,sent_to_employee",,Resolved,,,9
HR-0134,2026-04-07T07:51:57.731Z,EMP-5891,full_time,active,Germany,115,false,resolved,hr_policy_2026_v1,employment_letter,Can I get a letter of employment?,Your verification letter has been generated.,"verified_employee,generated_letter,sent_to_employee",,Resolved,,,11
HR-0135,2025-12-25T11:37:10.482Z,EMP-6691,full_time,active,UK,11,false,resolved,hr_policy_2026_v1,address_update,"I relocated, need to change address.",Your profile is updated with the new address.,"verified_identity,updated_address,notified_payroll",proof_of_address,Resolved,,,4
HR-0136,2025-05-01T16:29:46.003Z,EMP-3259,full_time,on_leave,UK,13,false,resolved,hr_policy_2026_v1,address_update,Can someone help me update my address? I moved last month,Address has been updated successfully.,"verified_identity,updated_address,notified_payroll",,Resolved,,,6
HR-0137,2025-03-06T20:14:21.594Z,EMP-1070,intern,inactive,Singapore,90,false,resolved,hr_policy_2026_v1,address_update,Update my home address in the system please.,Address has been updated successfully.,"verified_identity,updated_address,notified_payroll",,Resolved,,,7
HR-0138,2025-05-31T06:53:29.585Z,EMP-3302,full_time,on_leave,Germany,117,false,resolved,hr_policy_2026_v1,address_update,Can someone help me update my address? I moved last month,Your profile is updated with the new address.,"verified_identity,updated_address,notified_payroll",proof_of_address,Resolved,,,6
HR-0139,2026-07-02T04:52:14.066Z,EMP-8144,full_time,active,UK,66,false,pending,hr_policy_2026_v1,address_update,Can someone help me update my address? I moved last month,We are reviewing your request.,"verified_identity,updated_address,notified_payroll",,Pending review,,,6
HR-0140,2026-01-06T09:16:16.014Z,EMP-2055,part_time,on_leave,US,104,false,resolved,hr_policy_2026_v1,address_update,"I relocated, need to change address.",Address has been updated successfully.,"verified_identity,updated_address,notified_payroll",proof_of_address,Resolved,,,8
HR-0141,2025-03-14T00:50:16.412Z,EMP-1810,intern,active,Singapore,63,false,pending,hr_policy_2026_v1,address_update,Update my home address in the system please.,We are reviewing your request.,"verified_identity,updated_address,notified_payroll",proof_of_address,Pending review,,,8
HR-0142,2025-12-04T15:09:18.101Z,EMP-3968,full_time,active,US,71,false,escalated,hr_policy_2026_v1,address_update,Can someone help me update my address? I moved last month,We are reviewing your request.,"verified_identity,updated_address,notified_payroll",,Pending review,,,5
HR-0143,2025-09-13T11:33:33.987Z,EMP-9441,intern,active,UK,85,false,pending,hr_policy_2026_v1,address_update,Can someone help me update my address? I moved last month,We are reviewing your request.,"verified_identity,updated_address,notified_payroll",,Pending review,,,5
HR-0144,2025-12-18T09:26:07.800Z,EMP-6729,full_time,inactive,India,54,false,resolved,hr_policy_2026_v1,address_update,Update my home address in the system please.,Address has been updated successfully.,"verified_identity,updated_address,notified_payroll",,Resolved,,,4
HR-0145,2025-12-10T16:05:37.885Z,EMP-8268,full_time,on_leave,India,42,false,resolved,hr_policy_2026_v1,address_update,"I relocated, need to change address.",Address has been updated successfully.,"verified_identity,updated_address,notified_payroll",,Resolved,,,5
HR-0146,2025-04-13T22:45:56.970Z,EMP-8861,full_time,inactive,US,50,false,resolved,hr_policy_2026_v1,address_update,Update my home address in the system please.,Address has been updated successfully.,"verified_identity,updated_address,notified_payroll",proof_of_address,Resolved,,,4
HR-0147,2025-01-17T02:45:09.923Z,EMP-9185,full_time,active,Germany,83,false,resolved,hr_policy_2026_v1,address_update,Update my home address in the system please.,Address has been updated successfully.,"verified_identity,updated_address,notified_payroll",,Resolved,,,7
HR-0148,2026-07-20T21:28:32.091Z,EMP-2993,full_time,on_leave,UK,54,false,resolved,hr_policy_2026_v1,address_update,"I relocated, need to change address.",Address has been updated successfully.,"verified_identity,updated_address,notified_payroll",,Resolved,,,5
HR-0149,2025-07-02T04:56:38.786Z,EMP-2160,full_time,active,UK,46,false,resolved,hr_policy_2026_v1,address_update,Update my home address in the system please.,Your profile is updated with the new address.,"verified_identity,updated_address,notified_payroll",proof_of_address,Resolved,,,4
HR-0150,2025-04-23T07:38:23.574Z,EMP-9352,part_time,active,Singapore,73,false,resolved,hr_policy_2026_v1,address_update,Update my home address in the system please.,Your profile is updated with the new address.,"verified_identity,updated_address,notified_payroll",proof_of_address,Resolved,,,6
HR-0151,2026-04-19T20:49:01.686Z,EMP-7230,full_time,active,UK,81,false,resolved,hr_policy_2026_v1,address_update,Can someone help me update my address? I moved last month,Address has been updated successfully.,"verified_identity,updated_address,notified_payroll",,Resolved,,,6
HR-0152,2026-08-10T07:24:15.851Z,EMP-2380,intern,on_leave,US,70,false,resolved,hr_policy_2026_v1,address_update,Can someone help me update my address? I moved last month,Address has been updated successfully.,"verified_identity,updated_address,notified_payroll",proof_of_address,Resolved,,,7
HR-0153,2025-09-11T09:05:05.518Z,EMP-9636,full_time,active,India,78,false,resolved,hr_policy_2026_v1,address_update,Update my home address in the system please.,Your profile is updated with the new address.,"verified_identity,updated_address,notified_payroll",,Resolved,,,4
HR-0154,2026-08-21T14:48:38.026Z,EMP-6714,part_time,active,UK,81,false,resolved,hr_policy_2026_v1,address_update,Can someone help me update my address? I moved last month,Your profile is updated with the new address.,"verified_identity,updated_address,notified_payroll",proof_of_address,Resolved,,,4
HR-0155,2025-12-07T18:25:35.643Z,EMP-9025,intern,inactive,Singapore,113,false,resolved,hr_policy_2026_v1,address_update,Can someone help me update my address? I moved last month,Address has been updated successfully.,"verified_identity,updated_address,notified_payroll",proof_of_address,Resolved,,,4
HR-0156,2026-07-14T21:34:19.950Z,EMP-8473,full_time,active,UK,81,false,resolved,hr_policy_2026_v1,address_update,Can someone help me update my address? I moved last month,Address has been updated successfully.,"verified_identity,updated_address,notified_payroll",,Resolved,,,7
HR-0157,2025-07-30T09:16:07.107Z,EMP-8828,full_time,on_leave,Singapore,96,false,resolved,hr_policy_2026_v1,address_update,Can someone help me update my address? I moved last month,Your profile is updated with the new address.,"verified_identity,updated_address,notified_payroll",,Resolved,,,4
HR-0158,2026-04-27T23:28:33.158Z,EMP-5162,intern,inactive,Singapore,9,false,resolved,hr_policy_2026_v1,address_update,Update my home address in the system please.,Address has been updated successfully.,"verified_identity,updated_address,notified_payroll",,Resolved,,,5
HR-0159,2025-05-13T00:00:39.686Z,EMP-5140,full_time,active,UK,61,false,resolved,hr_policy_2026_v1,address_update,"I relocated, need to change address.",Your profile is updated with the new address.,"verified_identity,updated_address,notified_payroll",,Resolved,,,4
HR-0160,2026-06-13T00:02:52.197Z,EMP-7974,intern,inactive,India,42,false,resolved,hr_policy_2026_v1,address_update,"I relocated, need to change address.",Address has been updated successfully.,"verified_identity,updated_address,notified_payroll",proof_of_address,Resolved,,,8
HR-0161,2025-09-15T04:51:39.523Z,EMP-2023,full_time,active,US,17,false,escalated,hr_policy_2026_v1,address_update,Update my home address in the system please.,We are reviewing your request.,"verified_identity,updated_address,notified_payroll",,Pending review,,,7
HR-0162,2025-05-24T03:32:45.273Z,EMP-6595,part_time,active,India,106,false,resolved,hr_policy_2026_v1,address_update,Update my home address in the system please.,Address has been updated successfully.,"verified_identity,updated_address,notified_payroll",,Resolved,,,5
HR-0163,2026-07-12T08:07:18.681Z,EMP-4567,part_time,active,India,67,false,resolved,hr_policy_2026_v1,address_update,Can someone help me update my address? I moved last month,Address has been updated successfully.,"verified_identity,updated_address,notified_payroll",,Resolved,,,6
HR-0164,2026-03-20T20:56:30.515Z,EMP-7829,part_time,active,India,33,false,resolved,hr_policy_2026_v1,address_update,"I relocated, need to change address.",Address has been updated successfully.,"verified_identity,updated_address,notified_payroll",,Resolved,,,6
HR-0165,2025-02-01T05:26:21.415Z,EMP-4885,part_time,inactive,Singapore,90,false,resolved,hr_policy_2026_v1,address_update,Can someone help me update my address? I moved last month,Your profile is updated with the new address.,"verified_identity,updated_address,notified_payroll",proof_of_address,Resolved,,,8
HR-0166,2025-02-15T17:23:40.546Z,EMP-3590,full_time,on_leave,Germany,80,false,resolved,hr_policy_2026_v1,address_update,Can someone help me update my address? I moved last month,Address has been updated successfully.,"verified_identity,updated_address,notified_payroll",proof_of_address,Resolved,,,5
HR-0167,2026-07-26T22:08:03.015Z,EMP-6252,full_time,active,UK,26,false,resolved,hr_policy_2026_v1,address_update,Can someone help me update my address? I moved last month,Your profile is updated with the new address.,"verified_identity,updated_address,notified_payroll",proof_of_address,Resolved,,,3
HR-0168,2025-07-26T17:56:05.260Z,EMP-4549,full_time,active,Singapore,59,false,pending,hr_policy_2026_v1,address_update,"I relocated, need to change address.",We are reviewing your request.,"verified_identity,updated_address,notified_payroll",,Pending review,,,4
HR-0169,2025-01-17T18:19:04.316Z,EMP-1126,full_time,active,India,116,false,resolved,hr_policy_2026_v1,address_update,Update my home address in the system please.,Address has been updated successfully.,"verified_identity,updated_address,notified_payroll",proof_of_address,Resolved,,,6
HR-0170,2025-03-31T23:18:42.765Z,EMP-8712,part_time,active,Singapore,116,false,resolved,hr_policy_2026_v1,address_update,"I relocated, need to change address.",Address has been updated successfully.,"verified_identity,updated_address,notified_payroll",,Resolved,,,6
HR-0171,2025-05-12T01:48:56.730Z,EMP-7205,part_time,on_leave,India,41,false,resolved,hr_policy_2026_v1,address_update,Update my home address in the system please.,Address has been updated successfully.,"verified_identity,updated_address,notified_payroll",proof_of_address,Resolved,,,7
HR-0172,2026-01-25T09:40:26.084Z,EMP-3330,full_time,inactive,Singapore,77,false,resolved,hr_policy_2026_v1,address_update,"I relocated, need to change address.",Your profile is updated with the new address.,"verified_identity,updated_address,notified_payroll",proof_of_address,Resolved,,,4
HR-0173,2025-05-27T06:06:11.426Z,EMP-4239,intern,active,UK,42,false,resolved,hr_policy_2026_v1,address_update,Can someone help me update my address? I moved last month,Address has been updated successfully.,"verified_identity,updated_address,notified_payroll",proof_of_address,Resolved,,,5
HR-0174,2025-08-09T06:29:06.353Z,EMP-3879,full_time,active,Singapore,104,false,resolved,hr_policy_2026_v1,address_update,"I relocated, need to change address.",Address has been updated successfully.,"verified_identity,updated_address,notified_payroll",proof_of_address,Resolved,,,7
HR-0175,2025-08-05T02:09:16.539Z,EMP-7744,full_time,active,UK,28,false,resolved,hr_policy_2026_v1,address_update,Can someone help me update my address? I moved last month,Address has been updated successfully.,"verified_identity,updated_address,notified_payroll",,Resolved,,,5
HR-0176,2025-01-29T15:55:53.644Z,EMP-1716,part_time,on_leave,UK,26,false,resolved,hr_policy_2026_v1,address_update,Can someone help me update my address? I moved last month,Address has been updated successfully.,"verified_identity,updated_address,notified_payroll",,Resolved,,,3
HR-0177,2025-06-16T18:48:39.246Z,EMP-1298,full_time,on_leave,Singapore,3,false,resolved,hr_policy_2026_v1,address_update,Update my home address in the system please.,Address has been updated successfully.,"verified_identity,updated_address,notified_payroll",proof_of_address,Resolved,,,8
HR-0178,2026-03-22T13:06:13.518Z,EMP-7103,full_time,active,India,20,false,resolved,hr_policy_2026_v1,address_update,Can someone help me update my address? I moved last month,Address has been updated successfully.,"verified_identity,updated_address,notified_payroll",proof_of_address,Resolved,,,7
HR-0179,2025-07-13T11:36:31.828Z,EMP-4428,intern,inactive,Singapore,107,false,escalated,hr_policy_2026_v1,address_update,"I relocated, need to change address.",We are reviewing your request.,"verified_identity,updated_address,notified_payroll",,Pending review,,,4
HR-0180,2026-04-20T23:23:32.801Z,EMP-3638,full_time,on_leave,India,16,false,resolved,hr_policy_2026_v1,address_update,Can someone help me update my address? I moved last month,Address has been updated successfully.,"verified_identity,updated_address,notified_payroll",,Resolved,,,5
HR-0181,2026-06-04T17:44:54.780Z,EMP-9191,full_time,active,Germany,114,false,resolved,hr_policy_2026_v1,address_update,"I relocated, need to change address.",Address has been updated successfully.,"verified_identity,updated_address,notified_payroll",,Resolved,,,7
HR-0182,2025-01-24T08:23:04.036Z,EMP-8839,intern,on_leave,India,28,false,pending,hr_policy_2026_v1,address_update,"I relocated, need to change address.",We are reviewing your request.,"verified_identity,updated_address,notified_payroll",,Pending review,,,4
HR-0183,2025-06-30T13:55:48.478Z,EMP-3499,full_time,inactive,Germany,83,false,resolved,hr_policy_2026_v1,leave_balance,Can you check my sick leave balance?,You have 15 days of PTO remaining.,"checked_leave_system,replied_with_balance",,Resolved,,,3
HR-0184,2025-02-19T09:55:20.852Z,EMP-4751,full_time,inactive,Germany,104,false,resolved,hr_policy_2026_v1,leave_balance,How many PTO days do I have left?,Your current sick leave balance is 5 days.,"checked_leave_system,replied_with_balance",,Resolved,,,4
HR-0185,2025-04-19T22:36:24.753Z,EMP-6523,full_time,on_leave,Singapore,45,false,resolved,hr_policy_2026_v1,leave_balance,How many PTO days do I have left?,Your current sick leave balance is 5 days.,"checked_leave_system,replied_with_balance",,Resolved,,,6
HR-0186,2025-11-04T10:18:32.798Z,EMP-6351,full_time,inactive,India,22,false,resolved,hr_policy_2026_v1,leave_balance,Need to know my vacation accrual.,Your current sick leave balance is 5 days.,"checked_leave_system,replied_with_balance",,Resolved,,,3
HR-0187,2025-09-18T22:11:14.873Z,EMP-7025,intern,on_leave,US,56,false,resolved,hr_policy_2026_v1,leave_balance,Can you check my sick leave balance?,You have 15 days of PTO remaining.,"checked_leave_system,replied_with_balance",,Resolved,,,4
HR-0188,2025-04-12T10:55:02.612Z,EMP-6532,full_time,active,Germany,42,false,resolved,hr_policy_2026_v1,leave_balance,Need to know my vacation accrual.,You have 15 days of PTO remaining.,"checked_leave_system,replied_with_balance",,Resolved,,,7
HR-0189,2025-11-21T10:33:10.751Z,EMP-4593,full_time,on_leave,Germany,52,false,resolved,hr_policy_2026_v1,leave_balance,Need to know my vacation accrual.,Your current sick leave balance is 5 days.,"checked_leave_system,replied_with_balance",,Resolved,,,4
HR-0190,2025-11-19T07:51:47.204Z,EMP-1252,part_time,active,India,25,false,resolved,hr_policy_2026_v1,leave_balance,Need to know my vacation accrual.,You have 15 days of PTO remaining.,"checked_leave_system,replied_with_balance",,Resolved,,,5
HR-0191,2025-11-26T09:13:01.463Z,EMP-9709,intern,on_leave,Germany,79,false,resolved,hr_policy_2026_v1,leave_balance,Can you check my sick leave balance?,You have 15 days of PTO remaining.,"checked_leave_system,replied_with_balance",,Resolved,,,3
HR-0192,2025-07-13T13:43:40.495Z,EMP-7709,full_time,inactive,US,5,false,resolved,hr_policy_2026_v1,leave_balance,Need to know my vacation accrual.,Your current sick leave balance is 5 days.,"checked_leave_system,replied_with_balance",,Resolved,,,5
HR-0193,2026-04-04T22:20:33.840Z,EMP-8076,full_time,active,Germany,19,false,resolved,hr_policy_2026_v1,leave_balance,Need to know my vacation accrual.,Your current sick leave balance is 5 days.,"checked_leave_system,replied_with_balance",,Resolved,,,4
HR-0194,2026-03-08T01:07:31.444Z,EMP-6805,full_time,on_leave,UK,58,false,resolved,hr_policy_2026_v1,leave_balance,Can you check my sick leave balance?,You have 15 days of PTO remaining.,"checked_leave_system,replied_with_balance",,Resolved,,,6
HR-0195,2026-04-08T22:38:29.969Z,EMP-4675,full_time,inactive,UK,4,false,resolved,hr_policy_2026_v1,leave_balance,Need to know my vacation accrual.,You have 15 days of PTO remaining.,"checked_leave_system,replied_with_balance",,Resolved,,,5
HR-0196,2025-07-29T16:16:52.056Z,EMP-5253,full_time,active,UK,24,false,resolved,hr_policy_2026_v1,leave_balance,How many PTO days do I have left?,You have 15 days of PTO remaining.,"checked_leave_system,replied_with_balance",,Resolved,,,6
HR-0197,2026-05-20T04:03:02.815Z,EMP-6220,intern,on_leave,UK,49,false,resolved,hr_policy_2026_v1,leave_balance,How many PTO days do I have left?,Your current sick leave balance is 5 days.,"checked_leave_system,replied_with_balance",,Resolved,,,4
HR-0198,2025-11-09T08:56:00.779Z,EMP-2319,intern,active,India,77,false,resolved,hr_policy_2026_v1,leave_balance,Can you check my sick leave balance?,Your current sick leave balance is 5 days.,"checked_leave_system,replied_with_balance",,Resolved,,,5
HR-0199,2026-03-30T19:26:50.892Z,EMP-4514,part_time,active,UK,107,false,resolved,hr_policy_2026_v1,leave_balance,Can you check my sick leave balance?,Your current sick leave balance is 5 days.,"checked_leave_system,replied_with_balance",,Resolved,,,5
HR-0200,2025-03-30T14:16:00.524Z,EMP-2507,part_time,active,UK,76,false,pending,hr_policy_2026_v1,leave_balance,How many PTO days do I have left?,We are reviewing your request.,"checked_leave_system,replied_with_balance",,Pending review,,,4
HR-0201,2025-11-22T15:48:59.407Z,EMP-2443,full_time,on_leave,Germany,43,false,resolved,hr_policy_2026_v1,leave_balance,How many PTO days do I have left?,Your current sick leave balance is 5 days.,"checked_leave_system,replied_with_balance",,Resolved,,,7
HR-0202,2026-01-25T09:07:15.866Z,EMP-9002,full_time,on_leave,US,85,false,resolved,hr_policy_2026_v1,leave_balance,How many PTO days do I have left?,You have 15 days of PTO remaining.,"checked_leave_system,replied_with_balance",,Resolved,,,5
HR-0203,2025-04-13T00:17:21.585Z,EMP-4384,full_time,active,UK,34,false,resolved,hr_policy_2026_v1,leave_balance,How many PTO days do I have left?,You have 15 days of PTO remaining.,"checked_leave_system,replied_with_balance",,Resolved,,,5
HR-0204,2025-06-14T12:35:02.806Z,EMP-2500,full_time,active,Germany,33,false,resolved,hr_policy_2026_v1,leave_balance,Need to know my vacation accrual.,You have 15 days of PTO remaining.,"checked_leave_system,replied_with_balance",,Resolved,,,7
HR-0205,2026-05-14T12:46:39.401Z,EMP-3024,part_time,on_leave,US,41,false,pending,hr_policy_2026_v1,leave_balance,How many PTO days do I have left?,We are reviewing your request.,"checked_leave_system,replied_with_balance",,Pending review,,,3
HR-0206,2025-10-01T01:39:08.052Z,EMP-5315,intern,active,Singapore,53,false,resolved,hr_policy_2026_v1,leave_balance,How many PTO days do I have left?,Your current sick leave balance is 5 days.,"checked_leave_system,replied_with_balance",,Resolved,,,5
HR-0207,2025-03-06T05:31:08.625Z,EMP-2953,full_time,active,US,43,false,resolved,hr_policy_2026_v1,leave_balance,How many PTO days do I have left?,You have 15 days of PTO remaining.,"checked_leave_system,replied_with_balance",,Resolved,,,4
HR-0208,2026-01-19T19:22:10.543Z,EMP-4530,full_time,active,UK,42,false,pending,hr_policy_2026_v1,leave_balance,How many PTO days do I have left?,We are reviewing your request.,"checked_leave_system,replied_with_balance",,Pending review,,,6
HR-0209,2025-07-18T02:14:34.728Z,EMP-4202,intern,active,UK,15,false,resolved,hr_policy_2026_v1,leave_balance,Need to know my vacation accrual.,Your current sick leave balance is 5 days.,"checked_leave_system,replied_with_balance",,Resolved,,,7
HR-0210,2026-08-16T18:09:20.185Z,EMP-3347,full_time,active,India,5,false,resolved,hr_policy_2026_v1,leave_balance,How many PTO days do I have left?,Your current sick leave balance is 5 days.,"checked_leave_system,replied_with_balance",,Resolved,,,6
HR-0211,2025-11-30T01:59:23.333Z,EMP-8290,full_time,inactive,US,74,false,pending,hr_policy_2026_v1,leave_balance,Need to know my vacation accrual.,We are reviewing your request.,"checked_leave_system,replied_with_balance",,Pending review,,,6
HR-0212,2026-07-23T11:44:49.956Z,EMP-6682,intern,active,India,39,false,resolved,hr_policy_2026_v1,leave_balance,Need to know my vacation accrual.,Your current sick leave balance is 5 days.,"checked_leave_system,replied_with_balance",,Resolved,,,4
HR-0213,2026-03-20T14:31:45.651Z,EMP-9742,full_time,inactive,US,44,false,resolved,hr_policy_2026_v1,leave_balance,Can you check my sick leave balance?,Your current sick leave balance is 5 days.,"checked_leave_system,replied_with_balance",,Resolved,,,7
HR-0214,2025-12-04T21:56:08.575Z,EMP-7789,part_time,active,Singapore,51,false,resolved,hr_policy_2026_v1,leave_balance,How many PTO days do I have left?,You have 15 days of PTO remaining.,"checked_leave_system,replied_with_balance",,Resolved,,,7
HR-0215,2025-12-17T16:03:40.661Z,EMP-2388,full_time,active,UK,103,false,escalated,hr_policy_2026_v1,leave_balance,Need to know my vacation accrual.,We are reviewing your request.,"checked_leave_system,replied_with_balance",,Pending review,,,6
HR-0216,2025-10-17T14:03:19.091Z,EMP-6512,full_time,on_leave,India,114,false,resolved,hr_policy_2026_v1,leave_balance,Can you check my sick leave balance?,Your current sick leave balance is 5 days.,"checked_leave_system,replied_with_balance",,Resolved,,,7
HR-0217,2026-05-21T21:17:35.214Z,EMP-7067,full_time,active,India,93,false,resolved,hr_policy_2026_v1,leave_balance,Need to know my vacation accrual.,Your current sick leave balance is 5 days.,"checked_leave_system,replied_with_balance",,Resolved,,,4
HR-0218,2025-01-27T11:09:37.277Z,EMP-9459,full_time,inactive,India,51,false,resolved,hr_policy_2026_v1,leave_balance,Can you check my sick leave balance?,You have 15 days of PTO remaining.,"checked_leave_system,replied_with_balance",,Resolved,,,4
HR-0219,2025-11-21T21:04:45.342Z,EMP-6590,full_time,active,Singapore,15,false,resolved,hr_policy_2026_v1,leave_balance,How many PTO days do I have left?,Your current sick leave balance is 5 days.,"checked_leave_system,replied_with_balance",,Resolved,,,6
HR-0220,2025-04-11T09:38:56.980Z,EMP-5796,full_time,on_leave,Singapore,23,false,pending,hr_policy_2026_v1,leave_balance,Need to know my vacation accrual.,We are reviewing your request.,"checked_leave_system,replied_with_balance",,Pending review,,,6
HR-0221,2025-10-06T11:42:50.037Z,EMP-3349,full_time,active,Singapore,110,false,resolved,hr_policy_2026_v1,leave_balance,Need to know my vacation accrual.,You have 15 days of PTO remaining.,"checked_leave_system,replied_with_balance",,Resolved,,,6
HR-0222,2025-05-03T09:12:12.940Z,EMP-8046,part_time,on_leave,India,62,false,resolved,hr_policy_2026_v1,leave_balance,How many PTO days do I have left?,You have 15 days of PTO remaining.,"checked_leave_system,replied_with_balance",,Resolved,,,5
HR-0223,2026-04-01T13:19:13.200Z,EMP-4039,full_time,inactive,US,93,false,resolved,hr_policy_2026_v1,leave_balance,Can you check my sick leave balance?,You have 15 days of PTO remaining.,"checked_leave_system,replied_with_balance",,Resolved,,,4
HR-0224,2026-07-18T17:32:04.250Z,EMP-6034,full_time,active,Germany,80,false,resolved,hr_policy_2026_v1,leave_balance,Can you check my sick leave balance?,Your current sick leave balance is 5 days.,"checked_leave_system,replied_with_balance",,Resolved,,,6
HR-0225,2025-08-26T16:48:52.275Z,EMP-8184,intern,active,India,106,false,resolved,remote_work_2025_v3,remote_work,Requesting remote work arrangement due to personal reasons.,Please fill out the remote work agreement form.,"checked_policy,sent_to_manager_for_approval,approved_by_manager,updated_work_arrangement",,Resolved,,,28
HR-0226,2025-05-24T09:33:05.318Z,EMP-4661,intern,active,Germany,26,false,pending,remote_work_2025_v3,remote_work,Requesting remote work arrangement due to personal reasons.,We are reviewing your request.,"checked_policy,sent_to_manager_for_approval,approved_by_manager,updated_work_arrangement",remote_work_agreement,Pending review,,,26
HR-0227,2025-05-27T05:45:54.438Z,EMP-7647,intern,active,India,116,false,resolved,remote_work_2025_v3,remote_work,Requesting remote work arrangement due to personal reasons.,Your remote work request has been approved by your manager.,"checked_policy,sent_to_manager_for_approval,approved_by_manager,updated_work_arrangement",remote_work_agreement,Resolved,,,33
HR-0228,2025-07-16T20:24:51.249Z,EMP-7015,full_time,active,Singapore,33,false,resolved,remote_work_2025_v3,remote_work,I would like to request to work fully remote.,Your remote work request has been approved by your manager.,"checked_policy,sent_to_manager_for_approval,approved_by_manager,updated_work_arrangement",,Resolved,,,15
HR-0229,2026-06-15T11:46:48.235Z,EMP-1268,part_time,active,UK,4,false,resolved,remote_work_2025_v3,remote_work,I would like to request to work fully remote.,Please fill out the remote work agreement form.,"checked_policy,sent_to_manager_for_approval,approved_by_manager,updated_work_arrangement",remote_work_agreement,Resolved,,,16
HR-0230,2025-12-02T09:54:59.878Z,EMP-6051,full_time,on_leave,UK,107,false,resolved,remote_work_2025_v3,remote_work,I would like to request to work fully remote.,Please fill out the remote work agreement form.,"checked_policy,sent_to_manager_for_approval,approved_by_manager,updated_work_arrangement",,Resolved,,,24
HR-0231,2025-06-09T19:26:29.894Z,EMP-6732,full_time,on_leave,Singapore,74,false,resolved,remote_work_2025_v3,remote_work,Can I WFH for the next 2 months?,Please fill out the remote work agreement form.,"checked_policy,sent_to_manager_for_approval,approved_by_manager,updated_work_arrangement",remote_work_agreement,Resolved,,,24
HR-0232,2025-04-25T19:55:40.173Z,EMP-3991,intern,active,US,52,false,resolved,remote_work_2025_v3,remote_work,I would like to request to work fully remote.,Please fill out the remote work agreement form.,"checked_policy,sent_to_manager_for_approval,approved_by_manager,updated_work_arrangement",,Resolved,,,33
HR-0233,2025-04-29T21:23:08.920Z,EMP-2152,full_time,inactive,US,103,false,resolved,remote_work_2025_v3,remote_work,Can I WFH for the next 2 months?,Please fill out the remote work agreement form.,"checked_policy,sent_to_manager_for_approval,approved_by_manager,updated_work_arrangement",remote_work_agreement,Resolved,,,17
HR-0234,2025-08-21T23:16:04.849Z,EMP-7979,full_time,on_leave,US,27,false,escalated,remote_work_2025_v3,remote_work,Requesting remote work arrangement due to personal reasons.,We are reviewing your request.,"checked_policy,sent_to_manager_for_approval,approved_by_manager,updated_work_arrangement",remote_work_agreement,Pending review,,,24
HR-0235,2025-01-03T00:34:23.354Z,EMP-3039,part_time,on_leave,Singapore,50,false,resolved,remote_work_2025_v3,remote_work,Can I WFH for the next 2 months?,Your remote work request has been approved by your manager.,"checked_policy,sent_to_manager_for_approval,approved_by_manager,updated_work_arrangement",,Resolved,,,23
HR-0236,2025-03-03T02:05:49.986Z,EMP-9555,full_time,on_leave,India,24,false,resolved,remote_work_2025_v3,remote_work,Requesting remote work arrangement due to personal reasons.,Please fill out the remote work agreement form.,"checked_policy,sent_to_manager_for_approval,approved_by_manager,updated_work_arrangement",remote_work_agreement,Resolved,,,27
HR-0237,2025-10-03T18:03:40.128Z,EMP-1398,full_time,on_leave,US,112,false,resolved,remote_work_2025_v3,remote_work,Requesting remote work arrangement due to personal reasons.,Your remote work request has been approved by your manager.,"checked_policy,sent_to_manager_for_approval,approved_by_manager,updated_work_arrangement",,Resolved,,,35
HR-0238,2026-01-15T06:44:52.655Z,EMP-8536,full_time,active,Singapore,47,false,resolved,remote_work_2025_v3,remote_work,I would like to request to work fully remote.,Your remote work request has been approved by your manager.,"checked_policy,sent_to_manager_for_approval,approved_by_manager,updated_work_arrangement",remote_work_agreement,Resolved,,,34
HR-0239,2025-06-19T14:21:12.817Z,EMP-8499,part_time,active,UK,106,false,resolved,remote_work_2025_v3,remote_work,Can I WFH for the next 2 months?,Please fill out the remote work agreement form.,"checked_policy,sent_to_manager_for_approval,approved_by_manager,updated_work_arrangement",remote_work_agreement,Resolved,,,31
HR-0240,2025-01-13T08:37:54.774Z,EMP-2807,intern,active,Germany,16,false,resolved,remote_work_2025_v3,remote_work,I would like to request to work fully remote.,Please fill out the remote work agreement form.,"checked_policy,sent_to_manager_for_approval,approved_by_manager,updated_work_arrangement",,Resolved,,,15
HR-0241,2025-09-25T11:11:12.102Z,EMP-7054,part_time,active,UK,1,false,escalated,remote_work_2025_v3,remote_work,I would like to request to work fully remote.,We are reviewing your request.,"checked_policy,sent_to_manager_for_approval,approved_by_manager,updated_work_arrangement",,Pending review,,,25
HR-0242,2025-03-13T15:07:09.890Z,EMP-9852,full_time,on_leave,India,42,false,resolved,remote_work_2025_v3,remote_work,I would like to request to work fully remote.,Please fill out the remote work agreement form.,"checked_policy,sent_to_manager_for_approval,approved_by_manager,updated_work_arrangement",,Resolved,,,25
HR-0243,2025-01-30T18:32:51.576Z,EMP-8835,full_time,active,Germany,81,false,resolved,remote_work_2025_v3,remote_work,I would like to request to work fully remote.,Your remote work request has been approved by your manager.,"checked_policy,sent_to_manager_for_approval,approved_by_manager,updated_work_arrangement",,Resolved,,,25
HR-0244,2025-08-28T13:10:04.416Z,EMP-2808,intern,inactive,Singapore,102,false,resolved,remote_work_2025_v3,remote_work,Requesting remote work arrangement due to personal reasons.,Your remote work request has been approved by your manager.,"checked_policy,sent_to_manager_for_approval,approved_by_manager,updated_work_arrangement",remote_work_agreement,Resolved,,,16
HR-0245,2025-07-20T07:15:16.037Z,EMP-1260,full_time,inactive,India,96,false,resolved,remote_work_2025_v3,remote_work,Can I WFH for the next 2 months?,Your remote work request has been approved by your manager.,"checked_policy,sent_to_manager_for_approval,approved_by_manager,updated_work_arrangement",remote_work_agreement,Resolved,,,30
HR-0246,2025-02-15T09:14:42.333Z,EMP-9783,full_time,active,Singapore,33,false,resolved,remote_work_2025_v3,remote_work,I would like to request to work fully remote.,Your remote work request has been approved by your manager.,"checked_policy,sent_to_manager_for_approval,approved_by_manager,updated_work_arrangement",remote_work_agreement,Resolved,,,34
HR-0247,2026-05-27T22:19:11.549Z,EMP-2731,part_time,inactive,India,18,false,resolved,remote_work_2025_v3,remote_work,Requesting remote work arrangement due to personal reasons.,Your remote work request has been approved by your manager.,"checked_policy,sent_to_manager_for_approval,approved_by_manager,updated_work_arrangement",,Resolved,,,16
HR-0248,2026-03-13T08:57:25.481Z,EMP-4647,full_time,active,Singapore,32,false,resolved,remote_work_2025_v3,remote_work,Can I WFH for the next 2 months?,Your remote work request has been approved by your manager.,"checked_policy,sent_to_manager_for_approval,approved_by_manager,updated_work_arrangement",remote_work_agreement,Resolved,,,33
HR-0249,2025-05-27T02:58:56.650Z,EMP-5509,intern,on_leave,UK,50,false,pending,remote_work_2025_v3,remote_work,I would like to request to work fully remote.,We are reviewing your request.,"checked_policy,sent_to_manager_for_approval,approved_by_manager,updated_work_arrangement",remote_work_agreement,Pending review,,,25
HR-0250,2025-11-05T13:44:11.576Z,EMP-5867,part_time,active,UK,112,false,resolved,remote_work_2025_v3,remote_work,I would like to request to work fully remote.,Your remote work request has been approved by your manager.,"checked_policy,sent_to_manager_for_approval,approved_by_manager,updated_work_arrangement",remote_work_agreement,Resolved,,,35
HR-0251,2025-07-16T19:00:24.633Z,EMP-5301,full_time,active,India,14,false,resolved,remote_work_2025_v3,remote_work,Can I WFH for the next 2 months?,Your remote work request has been approved by your manager.,"checked_policy,sent_to_manager_for_approval,approved_by_manager,updated_work_arrangement",remote_work_agreement,Resolved,,,24
HR-0252,2026-08-15T19:27:05.865Z,EMP-8550,full_time,inactive,US,66,false,resolved,remote_work_2025_v3,remote_work,Requesting remote work arrangement due to personal reasons.,Please fill out the remote work agreement form.,"checked_policy,sent_to_manager_for_approval,approved_by_manager,updated_work_arrangement",,Resolved,,,19
HR-0253,2026-07-25T08:03:02.548Z,EMP-1202,full_time,active,UK,80,false,resolved,remote_work_2025_v3,remote_work,I would like to request to work fully remote.,Please fill out the remote work agreement form.,"checked_policy,sent_to_manager_for_approval,approved_by_manager,updated_work_arrangement",remote_work_agreement,Resolved,,,17
HR-0254,2026-03-02T11:40:04.120Z,EMP-6667,intern,active,UK,72,false,pending,remote_work_2025_v3,remote_work,Can I WFH for the next 2 months?,We are reviewing your request.,"checked_policy,sent_to_manager_for_approval,approved_by_manager,updated_work_arrangement",remote_work_agreement,Pending review,,,23
HR-0255,2026-01-11T23:52:07.152Z,EMP-2985,full_time,on_leave,US,82,false,resolved,remote_work_2025_v3,remote_work,Requesting remote work arrangement due to personal reasons.,Please fill out the remote work agreement form.,"checked_policy,sent_to_manager_for_approval,approved_by_manager,updated_work_arrangement",,Resolved,,,28
HR-0256,2026-07-04T08:58:28.616Z,EMP-2427,intern,inactive,Germany,77,false,resolved,remote_work_2025_v3,remote_work,Can I WFH for the next 2 months?,Your remote work request has been approved by your manager.,"checked_policy,sent_to_manager_for_approval,approved_by_manager,updated_work_arrangement",remote_work_agreement,Resolved,,,20
HR-0257,2026-07-18T17:03:30.011Z,EMP-6051,full_time,inactive,US,5,false,resolved,remote_work_2025_v3,remote_work,I would like to request to work fully remote.,Your remote work request has been approved by your manager.,"checked_policy,sent_to_manager_for_approval,approved_by_manager,updated_work_arrangement",remote_work_agreement,Resolved,,,17
HR-0258,2026-04-26T23:43:47.076Z,EMP-2109,full_time,active,UK,98,false,resolved,remote_work_2025_v3,remote_work,I would like to request to work fully remote.,Your remote work request has been approved by your manager.,"checked_policy,sent_to_manager_for_approval,approved_by_manager,updated_work_arrangement",remote_work_agreement,Resolved,,,32
HR-0259,2026-02-24T08:57:30.996Z,EMP-4589,full_time,active,Singapore,120,false,resolved,remote_work_2025_v3,remote_work,Requesting remote work arrangement due to personal reasons.,Your remote work request has been approved by your manager.,"checked_policy,sent_to_manager_for_approval,approved_by_manager,updated_work_arrangement",remote_work_agreement,Resolved,,,35
HR-0260,2026-03-02T08:37:00.736Z,EMP-4723,full_time,active,Germany,111,false,resolved,remote_work_2025_v3,remote_work,Requesting remote work arrangement due to personal reasons.,Please fill out the remote work agreement form.,"checked_policy,sent_to_manager_for_approval,approved_by_manager,updated_work_arrangement",remote_work_agreement,Resolved,,,17
HR-0261,2025-07-14T20:51:16.041Z,EMP-5014,full_time,active,Singapore,46,false,resolved,remote_work_2025_v3,remote_work,Can I WFH for the next 2 months?,Your remote work request has been approved by your manager.,"checked_policy,sent_to_manager_for_approval,approved_by_manager,updated_work_arrangement",,Resolved,,,28
HR-0262,2025-07-25T05:22:07.902Z,EMP-7156,intern,active,US,32,false,resolved,remote_work_2025_v3,remote_work,I would like to request to work fully remote.,Please fill out the remote work agreement form.,"checked_policy,sent_to_manager_for_approval,approved_by_manager,updated_work_arrangement",remote_work_agreement,Resolved,,,25
HR-0263,2025-11-14T20:42:31.003Z,EMP-4465,full_time,active,India,96,false,escalated,remote_work_2025_v3,remote_work,Requesting remote work arrangement due to personal reasons.,We are reviewing your request.,"checked_policy,sent_to_manager_for_approval,approved_by_manager,updated_work_arrangement",,Pending review,,,19
HR-0264,2026-02-03T22:46:05.084Z,EMP-9571,intern,active,India,36,false,pending,hr_policy_2026_v1,personal_info_update,Update my phone number to 555-1234.,We are reviewing your request.,"verified_identity,updated_profile,saved_changes",name_change_document,Pending review,,,9
HR-0265,2025-03-15T08:46:42.526Z,EMP-5976,full_time,on_leave,US,76,false,resolved,hr_policy_2026_v1,personal_info_update,Update my phone number to 555-1234.,Emergency contact saved.,"verified_identity,updated_profile,saved_changes",,Resolved,,,9
HR-0266,2026-02-09T00:12:09.088Z,EMP-2573,intern,active,UK,21,false,resolved,hr_policy_2026_v1,personal_info_update,Need to change my emergency contact.,Emergency contact saved.,"verified_identity,updated_profile,saved_changes",,Resolved,,,4
HR-0267,2025-06-20T13:46:35.395Z,EMP-3634,intern,active,Singapore,75,false,resolved,hr_policy_2026_v1,personal_info_update,Need to change my emergency contact.,Your personal information has been updated.,"verified_identity,updated_profile,saved_changes",,Resolved,,,10
HR-0268,2026-05-01T17:57:14.578Z,EMP-5626,full_time,active,Singapore,30,false,resolved,hr_policy_2026_v1,personal_info_update,Need to change my emergency contact.,Emergency contact saved.,"verified_identity,updated_profile,saved_changes",,Resolved,,,5
HR-0269,2025-12-28T21:54:19.519Z,EMP-8478,full_time,on_leave,India,87,false,resolved,hr_policy_2026_v1,personal_info_update,Update my phone number to 555-1234.,Your personal information has been updated.,"verified_identity,updated_profile,saved_changes",name_change_document,Resolved,,,5
HR-0270,2025-12-01T17:40:34.011Z,EMP-2069,part_time,active,Singapore,50,false,resolved,hr_policy_2026_v1,personal_info_update,"I got married, need to update my last name.",Your personal information has been updated.,"verified_identity,updated_profile,saved_changes",,Resolved,,,5
HR-0271,2025-01-14T09:32:53.013Z,EMP-6985,part_time,active,Germany,114,false,resolved,hr_policy_2026_v1,personal_info_update,"I got married, need to update my last name.",Your personal information has been updated.,"verified_identity,updated_profile,saved_changes",name_change_document,Resolved,,,7
HR-0272,2026-06-05T08:31:10.753Z,EMP-7236,full_time,active,Singapore,109,false,escalated,hr_policy_2026_v1,personal_info_update,Update my phone number to 555-1234.,We are reviewing your request.,"verified_identity,updated_profile,saved_changes",,Pending review,,,6
HR-0273,2026-04-11T23:55:12.424Z,EMP-8132,full_time,inactive,India,56,false,resolved,hr_policy_2026_v1,personal_info_update,"I got married, need to update my last name.",Emergency contact saved.,"verified_identity,updated_profile,saved_changes",name_change_document,Resolved,,,8
HR-0274,2026-03-01T21:15:53.428Z,EMP-1100,full_time,active,UK,47,false,resolved,hr_policy_2026_v1,personal_info_update,"I got married, need to update my last name.",Emergency contact saved.,"verified_identity,updated_profile,saved_changes",,Resolved,,,6
HR-0275,2025-11-07T09:50:21.387Z,EMP-9830,intern,inactive,UK,115,false,resolved,hr_policy_2026_v1,personal_info_update,"I got married, need to update my last name.",Emergency contact saved.,"verified_identity,updated_profile,saved_changes",,Resolved,,,9
HR-0276,2025-02-02T22:22:52.602Z,EMP-5175,full_time,inactive,UK,18,false,resolved,hr_policy_2026_v1,personal_info_update,"I got married, need to update my last name.",Your personal information has been updated.,"verified_identity,updated_profile,saved_changes",name_change_document,Resolved,,,4
HR-0277,2025-10-30T20:57:06.313Z,EMP-9088,full_time,active,US,52,false,resolved,hr_policy_2026_v1,personal_info_update,"I got married, need to update my last name.",Emergency contact saved.,"verified_identity,updated_profile,saved_changes",name_change_document,Resolved,,,10
HR-0278,2026-03-02T10:27:38.628Z,EMP-3134,part_time,inactive,Germany,66,false,escalated,hr_policy_2026_v1,personal_info_update,Need to change my emergency contact.,We are reviewing your request.,"verified_identity,updated_profile,saved_changes",name_change_document,Pending review,,,5
HR-0279,2026-08-16T18:43:40.432Z,EMP-2680,part_time,active,UK,10,false,escalated,hr_policy_2026_v1,personal_info_update,"I got married, need to update my last name.",We are reviewing your request.,"verified_identity,updated_profile,saved_changes",name_change_document,Pending review,,,7
HR-0280,2025-02-19T15:10:11.800Z,EMP-5968,full_time,active,India,81,false,resolved,hr_policy_2026_v1,personal_info_update,Need to change my emergency contact.,Your personal information has been updated.,"verified_identity,updated_profile,saved_changes",,Resolved,,,8
HR-0281,2026-04-25T10:40:06.605Z,EMP-6774,full_time,active,Germany,54,false,resolved,hr_policy_2026_v1,personal_info_update,Need to change my emergency contact.,Emergency contact saved.,"verified_identity,updated_profile,saved_changes",name_change_document,Resolved,,,4
HR-0282,2025-11-26T14:39:19.828Z,EMP-4073,full_time,active,UK,48,false,resolved,hr_policy_2026_v1,personal_info_update,"I got married, need to update my last name.",Your personal information has been updated.,"verified_identity,updated_profile,saved_changes",,Resolved,,,9
HR-0283,2026-01-01T00:18:36.921Z,EMP-9934,intern,active,India,58,false,resolved,hr_policy_2026_v1,personal_info_update,"I got married, need to update my last name.",Your personal information has been updated.,"verified_identity,updated_profile,saved_changes",name_change_document,Resolved,,,7
HR-0284,2025-08-15T02:55:00.636Z,EMP-6936,intern,active,Germany,48,false,resolved,hr_policy_2026_v1,personal_info_update,Need to change my emergency contact.,Emergency contact saved.,"verified_identity,updated_profile,saved_changes",name_change_document,Resolved,,,4
HR-0285,2025-04-17T02:09:47.023Z,EMP-6043,full_time,on_leave,India,44,false,resolved,hr_policy_2026_v1,personal_info_update,Update my phone number to 555-1234.,Your personal information has been updated.,"verified_identity,updated_profile,saved_changes",,Resolved,,,6
HR-0286,2025-03-14T21:10:59.256Z,EMP-2725,full_time,active,India,2,false,resolved,hr_policy_2026_v1,personal_info_update,"I got married, need to update my last name.",Emergency contact saved.,"verified_identity,updated_profile,saved_changes",name_change_document,Resolved,,,8
HR-0287,2026-02-01T11:47:56.214Z,EMP-1735,part_time,active,US,41,false,resolved,hr_policy_2026_v1,personal_info_update,Need to change my emergency contact.,Your personal information has been updated.,"verified_identity,updated_profile,saved_changes",name_change_document,Resolved,,,10
HR-0288,2025-05-24T01:20:30.517Z,EMP-9313,full_time,active,US,15,false,resolved,hr_policy_2026_v1,personal_info_update,Update my phone number to 555-1234.,Emergency contact saved.,"verified_identity,updated_profile,saved_changes",name_change_document,Resolved,,,8
HR-0289,2025-03-05T16:12:52.858Z,EMP-1428,full_time,on_leave,Germany,52,false,resolved,hr_policy_2026_v1,personal_info_update,Update my phone number to 555-1234.,Emergency contact saved.,"verified_identity,updated_profile,saved_changes",,Resolved,,,7
HR-0290,2026-01-01T06:38:41.253Z,EMP-6553,part_time,on_leave,Germany,58,false,escalated,hr_policy_2026_v1,personal_info_update,Update my phone number to 555-1234.,We are reviewing your request.,"verified_identity,updated_profile,saved_changes",,Pending review,,,10
HR-0291,2025-11-16T23:07:42.156Z,EMP-7929,full_time,active,Germany,78,false,resolved,hr_policy_2026_v1,personal_info_update,Need to change my emergency contact.,Your personal information has been updated.,"verified_identity,updated_profile,saved_changes",,Resolved,,,5
HR-0292,2026-02-13T17:13:10.433Z,EMP-7901,full_time,active,Singapore,109,false,resolved,hr_policy_2026_v1,personal_info_update,"I got married, need to update my last name.",Your personal information has been updated.,"verified_identity,updated_profile,saved_changes",,Resolved,,,7
HR-0293,2025-06-15T17:31:37.183Z,EMP-6356,full_time,on_leave,Germany,107,false,resolved,hr_policy_2026_v1,personal_info_update,Update my phone number to 555-1234.,Emergency contact saved.,"verified_identity,updated_profile,saved_changes",name_change_document,Resolved,,,4
HR-0294,2026-08-07T14:46:37.956Z,EMP-1281,full_time,active,Germany,14,false,resolved,hr_policy_2026_v1,personal_info_update,"I got married, need to update my last name.",Emergency contact saved.,"verified_identity,updated_profile,saved_changes",,Resolved,,,8
HR-0295,2025-09-05T07:13:53.003Z,EMP-5763,full_time,active,India,87,false,resolved,hr_policy_2026_v1,personal_info_update,"I got married, need to update my last name.",Emergency contact saved.,"verified_identity,updated_profile,saved_changes",name_change_document,Resolved,,,7
HR-0296,2026-07-20T13:29:04.298Z,EMP-7064,part_time,on_leave,US,78,false,resolved,hr_policy_2026_v1,personal_info_update,Update my phone number to 555-1234.,Emergency contact saved.,"verified_identity,updated_profile,saved_changes",name_change_document,Resolved,,,10
HR-0297,2026-04-25T19:54:31.818Z,EMP-9051,full_time,active,Singapore,92,false,resolved,hr_policy_2026_v1,personal_info_update,Update my phone number to 555-1234.,Your personal information has been updated.,"verified_identity,updated_profile,saved_changes",name_change_document,Resolved,,,5
HR-0298,2025-01-29T23:35:09.087Z,EMP-1539,part_time,inactive,India,30,false,resolved,hr_policy_2026_v1,personal_info_update,Need to change my emergency contact.,Your personal information has been updated.,"verified_identity,updated_profile,saved_changes",name_change_document,Resolved,,,4
HR-0299,2025-01-07T11:46:23.381Z,EMP-2370,full_time,inactive,Singapore,13,false,resolved,hr_policy_2026_v1,payroll_document,Where can I find my salary certificate?,You can download your tax forms from the portal.,"verified_identity,generated_documents,sent_to_employee",,Resolved,,,6
HR-0300,2025-10-22T08:02:27.460Z,EMP-1636,part_time,active,US,86,false,escalated,hr_policy_2026_v1,payroll_document,Where can I find my salary certificate?,We are reviewing your request.,"verified_identity,generated_documents,sent_to_employee",,Pending review,,,14
HR-0301,2025-09-24T22:47:03.366Z,EMP-3616,full_time,active,Singapore,120,false,resolved,hr_policy_2026_v1,payroll_document,Can you send my W-2 tax form?,Attached are your requested payroll documents.,"verified_identity,generated_documents,sent_to_employee",,Resolved,,,9
HR-0302,2026-05-31T22:24:27.947Z,EMP-9171,full_time,active,UK,39,false,resolved,hr_policy_2026_v1,payroll_document,I need my last 3 pay stubs.,You can download your tax forms from the portal.,"verified_identity,generated_documents,sent_to_employee",,Resolved,,,12
HR-0303,2026-07-31T21:42:24.812Z,EMP-3549,full_time,inactive,UK,90,false,resolved,hr_policy_2026_v1,payroll_document,Where can I find my salary certificate?,Attached are your requested payroll documents.,"verified_identity,generated_documents,sent_to_employee",,Resolved,,,8
HR-0304,2026-02-05T09:39:47.652Z,EMP-6089,full_time,active,UK,10,false,resolved,hr_policy_2026_v1,payroll_document,I need my last 3 pay stubs.,You can download your tax forms from the portal.,"verified_identity,generated_documents,sent_to_employee",,Resolved,,,15
HR-0305,2025-09-03T02:01:12.325Z,EMP-2161,full_time,active,UK,7,false,resolved,hr_policy_2026_v1,payroll_document,Can you send my W-2 tax form?,Attached are your requested payroll documents.,"verified_identity,generated_documents,sent_to_employee",,Resolved,,,9
HR-0306,2026-03-13T07:27:18.854Z,EMP-6132,part_time,active,UK,6,false,resolved,hr_policy_2026_v1,payroll_document,Where can I find my salary certificate?,Attached are your requested payroll documents.,"verified_identity,generated_documents,sent_to_employee",,Resolved,,,8
HR-0307,2025-06-18T00:44:28.762Z,EMP-4990,full_time,active,India,31,false,resolved,hr_policy_2026_v1,payroll_document,I need my last 3 pay stubs.,You can download your tax forms from the portal.,"verified_identity,generated_documents,sent_to_employee",,Resolved,,,15
HR-0308,2025-05-28T17:49:49.117Z,EMP-7303,part_time,active,Singapore,60,false,resolved,hr_policy_2026_v1,payroll_document,Can you send my W-2 tax form?,Attached are your requested payroll documents.,"verified_identity,generated_documents,sent_to_employee",,Resolved,,,7
HR-0309,2025-10-19T04:54:54.793Z,EMP-7214,part_time,active,US,62,false,resolved,hr_policy_2026_v1,payroll_document,Can you send my W-2 tax form?,Attached are your requested payroll documents.,"verified_identity,generated_documents,sent_to_employee",,Resolved,,,8
HR-0310,2025-03-18T08:43:19.896Z,EMP-6097,full_time,inactive,Singapore,111,false,resolved,hr_policy_2026_v1,payroll_document,Can you send my W-2 tax form?,You can download your tax forms from the portal.,"verified_identity,generated_documents,sent_to_employee",,Resolved,,,10
HR-0311,2026-07-09T20:02:28.758Z,EMP-1530,full_time,on_leave,Germany,67,false,resolved,hr_policy_2026_v1,payroll_document,Can you send my W-2 tax form?,Attached are your requested payroll documents.,"verified_identity,generated_documents,sent_to_employee",,Resolved,,,7
HR-0312,2025-06-25T12:40:56.769Z,EMP-6494,part_time,inactive,UK,58,false,resolved,hr_policy_2026_v1,payroll_document,Can you send my W-2 tax form?,Attached are your requested payroll documents.,"verified_identity,generated_documents,sent_to_employee",,Resolved,,,10
HR-0313,2025-07-14T20:13:13.363Z,EMP-3947,full_time,active,US,65,false,resolved,hr_policy_2026_v1,payroll_document,I need my last 3 pay stubs.,You can download your tax forms from the portal.,"verified_identity,generated_documents,sent_to_employee",,Resolved,,,13
HR-0314,2025-06-26T00:06:02.337Z,EMP-8614,intern,inactive,Singapore,29,false,resolved,hr_policy_2026_v1,payroll_document,Where can I find my salary certificate?,You can download your tax forms from the portal.,"verified_identity,generated_documents,sent_to_employee",,Resolved,,,6
HR-0315,2025-04-11T09:14:27.695Z,EMP-4433,full_time,active,India,64,false,resolved,hr_policy_2026_v1,payroll_document,Can you send my W-2 tax form?,You can download your tax forms from the portal.,"verified_identity,generated_documents,sent_to_employee",,Resolved,,,11
HR-0316,2026-04-10T18:21:56.681Z,EMP-7860,full_time,active,US,81,false,resolved,hr_policy_2026_v1,payroll_document,I need my last 3 pay stubs.,You can download your tax forms from the portal.,"verified_identity,generated_documents,sent_to_employee",,Resolved,,,10
HR-0317,2026-02-24T14:06:44.616Z,EMP-7824,full_time,active,India,7,false,resolved,hr_policy_2026_v1,payroll_document,I need my last 3 pay stubs.,You can download your tax forms from the portal.,"verified_identity,generated_documents,sent_to_employee",,Resolved,,,5
HR-0318,2026-08-25T00:49:38.633Z,EMP-7905,full_time,inactive,US,80,false,resolved,hr_policy_2026_v1,payroll_document,Can you send my W-2 tax form?,You can download your tax forms from the portal.,"verified_identity,generated_documents,sent_to_employee",,Resolved,,,13
HR-0319,2025-04-12T10:32:51.055Z,EMP-1498,full_time,active,Singapore,80,false,escalated,hr_policy_2026_v1,payroll_document,I need my last 3 pay stubs.,We are reviewing your request.,"verified_identity,generated_documents,sent_to_employee",,Pending review,,,8
HR-0320,2026-07-18T18:41:16.164Z,EMP-5040,full_time,active,US,91,false,escalated,hr_policy_2026_v1,payroll_document,I need my last 3 pay stubs.,We are reviewing your request.,"verified_identity,generated_documents,sent_to_employee",,Pending review,,,11
HR-0321,2025-03-17T12:09:42.083Z,EMP-1674,part_time,active,Singapore,97,false,resolved,hr_policy_2026_v1,payroll_document,Where can I find my salary certificate?,You can download your tax forms from the portal.,"verified_identity,generated_documents,sent_to_employee",,Resolved,,,12
HR-0322,2026-03-29T00:35:20.886Z,EMP-5264,full_time,active,UK,13,false,escalated,hr_policy_2026_v1,payroll_document,Can you send my W-2 tax form?,We are reviewing your request.,"verified_identity,generated_documents,sent_to_employee",,Pending review,,,13
HR-0323,2026-03-08T06:38:44.574Z,EMP-7461,full_time,active,India,97,false,resolved,hr_policy_2026_v1,payroll_document,I need my last 3 pay stubs.,You can download your tax forms from the portal.,"verified_identity,generated_documents,sent_to_employee",,Resolved,,,14
HR-0324,2025-04-19T08:18:12.009Z,EMP-2126,full_time,inactive,India,61,false,resolved,hr_policy_2026_v1,payroll_document,Where can I find my salary certificate?,Attached are your requested payroll documents.,"verified_identity,generated_documents,sent_to_employee",,Resolved,,,10
HR-0325,2026-04-21T15:09:52.547Z,EMP-2163,full_time,active,Germany,17,false,resolved,hr_policy_2026_v1,payroll_document,Can you send my W-2 tax form?,You can download your tax forms from the portal.,"verified_identity,generated_documents,sent_to_employee",,Resolved,,,14
HR-0326,2025-05-14T00:41:38.657Z,EMP-9652,part_time,on_leave,UK,87,false,pending,hr_policy_2026_v1,payroll_document,I need my last 3 pay stubs.,We are reviewing your request.,"verified_identity,generated_documents,sent_to_employee",,Pending review,,,5
HR-0327,2026-04-02T01:37:29.925Z,EMP-8664,intern,on_leave,UK,40,false,resolved,hr_policy_2026_v1,onboarding_docs,Where do I submit my ID proof for onboarding?,Please upload your missing ID proof to the portal.,"checked_document_checklist,identified_missing_docs,notified_employee",bank_details,Resolved,,,10
HR-0328,2025-06-23T19:54:43.175Z,EMP-6410,full_time,inactive,Germany,13,false,resolved,hr_policy_2026_v1,onboarding_docs,Where do I submit my ID proof for onboarding?,Please upload your missing ID proof to the portal.,"checked_document_checklist,identified_missing_docs,notified_employee",,Resolved,,,9
HR-0329,2026-08-13T20:31:07.364Z,EMP-4962,full_time,active,India,100,false,resolved,hr_policy_2026_v1,onboarding_docs,I think I missed uploading some onboarding docs.,Please upload your missing ID proof to the portal.,"checked_document_checklist,identified_missing_docs,notified_employee",,Resolved,,,17
HR-0330,2025-06-13T12:36:36.082Z,EMP-5459,part_time,active,Germany,113,false,resolved,hr_policy_2026_v1,onboarding_docs,Where do I submit my ID proof for onboarding?,All your onboarding documents are now complete.,"checked_document_checklist,identified_missing_docs,notified_employee",bank_details,Resolved,,,18
HR-0331,2025-10-16T06:09:57.764Z,EMP-4408,full_time,inactive,US,113,false,resolved,hr_policy_2026_v1,onboarding_docs,Are my background check forms complete?,Please upload your missing ID proof to the portal.,"checked_document_checklist,identified_missing_docs,notified_employee",bank_details,Resolved,,,20
HR-0332,2026-07-23T15:55:18.604Z,EMP-7640,part_time,active,India,57,false,resolved,hr_policy_2026_v1,onboarding_docs,Where do I submit my ID proof for onboarding?,Please upload your missing ID proof to the portal.,"checked_document_checklist,identified_missing_docs,notified_employee",,Resolved,,,11
HR-0333,2025-05-13T01:27:05.450Z,EMP-8352,intern,on_leave,Germany,37,false,resolved,hr_policy_2026_v1,onboarding_docs,I think I missed uploading some onboarding docs.,Please upload your missing ID proof to the portal.,"checked_document_checklist,identified_missing_docs,notified_employee",,Resolved,,,8
HR-0334,2026-08-18T01:23:34.174Z,EMP-8885,intern,inactive,US,109,false,resolved,hr_policy_2026_v1,onboarding_docs,I think I missed uploading some onboarding docs.,All your onboarding documents are now complete.,"checked_document_checklist,identified_missing_docs,notified_employee",,Resolved,,,14
HR-0335,2025-03-31T02:16:10.537Z,EMP-4789,intern,active,UK,62,false,resolved,hr_policy_2026_v1,onboarding_docs,Where do I submit my ID proof for onboarding?,Please upload your missing ID proof to the portal.,"checked_document_checklist,identified_missing_docs,notified_employee",,Resolved,,,13
HR-0336,2025-02-11T12:54:41.116Z,EMP-2130,intern,active,UK,34,false,pending,hr_policy_2026_v1,onboarding_docs,Where do I submit my ID proof for onboarding?,We are reviewing your request.,"checked_document_checklist,identified_missing_docs,notified_employee",bank_details,Pending review,,,17
HR-0337,2025-08-25T00:52:53.648Z,EMP-7365,full_time,on_leave,Singapore,102,false,resolved,hr_policy_2026_v1,onboarding_docs,Where do I submit my ID proof for onboarding?,Please upload your missing ID proof to the portal.,"checked_document_checklist,identified_missing_docs,notified_employee",,Resolved,,,12
HR-0338,2025-05-28T07:09:56.355Z,EMP-9820,full_time,active,UK,101,false,resolved,hr_policy_2026_v1,onboarding_docs,Where do I submit my ID proof for onboarding?,Please upload your missing ID proof to the portal.,"checked_document_checklist,identified_missing_docs,notified_employee",id_proof,Resolved,,,11
HR-0339,2026-01-09T00:17:16.758Z,EMP-5748,full_time,active,UK,74,false,resolved,hr_policy_2026_v1,onboarding_docs,Are my background check forms complete?,All your onboarding documents are now complete.,"checked_document_checklist,identified_missing_docs,notified_employee",id_proof,Resolved,,,13
HR-0340,2025-11-10T18:08:13.675Z,EMP-9222,full_time,on_leave,US,60,false,resolved,hr_policy_2026_v1,onboarding_docs,I think I missed uploading some onboarding docs.,All your onboarding documents are now complete.,"checked_document_checklist,identified_missing_docs,notified_employee",id_proof,Resolved,,,20
HR-0341,2025-04-30T09:47:16.935Z,EMP-6353,full_time,active,Singapore,54,false,escalated,hr_policy_2026_v1,onboarding_docs,Where do I submit my ID proof for onboarding?,We are reviewing your request.,"checked_document_checklist,identified_missing_docs,notified_employee",id_proof,Pending review,,,13
HR-0342,2026-03-25T02:54:02.687Z,EMP-3064,full_time,active,US,38,false,resolved,hr_policy_2026_v1,onboarding_docs,Are my background check forms complete?,Please upload your missing ID proof to the portal.,"checked_document_checklist,identified_missing_docs,notified_employee",id_proof,Resolved,,,13
HR-0343,2026-06-19T19:15:51.285Z,EMP-2219,intern,on_leave,Germany,5,false,resolved,hr_policy_2026_v1,onboarding_docs,Are my background check forms complete?,All your onboarding documents are now complete.,"checked_document_checklist,identified_missing_docs,notified_employee",,Resolved,,,17
HR-0344,2025-06-08T17:50:48.041Z,EMP-7332,full_time,active,Singapore,26,false,resolved,hr_policy_2026_v1,onboarding_docs,I think I missed uploading some onboarding docs.,Please upload your missing ID proof to the portal.,"checked_document_checklist,identified_missing_docs,notified_employee",,Resolved,,,16
HR-0345,2025-06-13T18:34:30.840Z,EMP-9641,full_time,active,Singapore,114,false,resolved,hr_policy_2026_v1,onboarding_docs,Are my background check forms complete?,Please upload your missing ID proof to the portal.,"checked_document_checklist,identified_missing_docs,notified_employee",,Resolved,,,11
HR-0346,2025-01-29T16:10:45.694Z,EMP-6611,intern,inactive,UK,27,false,resolved,hr_policy_2026_v1,onboarding_docs,I think I missed uploading some onboarding docs.,All your onboarding documents are now complete.,"checked_document_checklist,identified_missing_docs,notified_employee",,Resolved,,,10
HR-0347,2026-04-22T19:25:43.728Z,EMP-7755,full_time,active,UK,86,false,resolved,hr_policy_2026_v1,onboarding_docs,Where do I submit my ID proof for onboarding?,All your onboarding documents are now complete.,"checked_document_checklist,identified_missing_docs,notified_employee",bank_details,Resolved,,,18
HR-0348,2026-05-04T15:35:58.557Z,EMP-1626,intern,active,US,33,false,resolved,hr_policy_2026_v1,onboarding_docs,I think I missed uploading some onboarding docs.,Please upload your missing ID proof to the portal.,"checked_document_checklist,identified_missing_docs,notified_employee",id_proof,Resolved,,,18
HR-0349,2026-03-29T16:15:57.274Z,EMP-9622,full_time,active,Germany,73,false,resolved,hr_policy_2026_v1,onboarding_docs,Where do I submit my ID proof for onboarding?,All your onboarding documents are now complete.,"checked_document_checklist,identified_missing_docs,notified_employee",,Resolved,,,8
HR-0350,2025-10-20T14:30:05.894Z,EMP-2553,full_time,active,India,73,false,resolved,hr_policy_2026_v1,onboarding_docs,Are my background check forms complete?,Please upload your missing ID proof to the portal.,"checked_document_checklist,identified_missing_docs,notified_employee",,Resolved,,,17